Number,Name,LMX1,LMX2,LMX3,LMX4,LMX5,LMX6,LMX7,SOE1,SOE2,SOE3,SOE4,SOE5,SOE6,Empower1,Empower2,Empower3,Empower4,Empower5,Empower6,Empower7,Empower8,Empower9,Empower10,Empower11,Empower12,Holistic1,Holistic2,Holistic3,Holistic4,Holistic5,Holistic6,Holistic7,Holistic8,Holistic9,Holistic10,Self-efficacy1,Self-efficacy2,Self-efficacy3r,Self-efficacy4,Self-efficacy5r,Self-efficacy6,Self-efficacy7,Self-efficacy8r,Follow1,Follow2,Follow3,Follow4,Follow5,Follow6,Follow7,Follow8,Follow9,Follow10,Follow11,Follow12,Follow13,Follow14,Follow15,Follow16,Follow17,Follow18,Follow19,Follow20,Proactive1,Proactive2,Proactive3,Proactive4,Proactive5,Proactive6,Crafting1,Crafting2,Crafting3,Crafting4,Crafting5,Crafting6,Crafting7,Crafting8,Crafting9,Crafting10,Crafting11,Crafting12,Crafting13,Crafting14,Crafting15,Task1,Task2,Task3,Task4,Task5,Relation1,Relation2,Relation3,Relation4,Relation5,Relation6,Spiri1,Spiri2,Spiri3,Spiri4,Spiri5,Spiri6,Spiri7,Spiri8,Spiri9,Spiri10,Gender,Education
025124,0616fc385442eb42d041eb5d0fdcfc27,5,3,2,5,4,5,5,5,5,5,5,5,5,5,4,5,4,5,4,3,2,4,3,2,2,5,5,5,5,5,2,5,5,3,5,4,5,2,5,2,4,5,1,4,3,3,2,4,5,5,4,2,5,3,2,4,4,4,4,5,5,5,4,3,4,5,4,5,3,5,5,5,4,5,5,5,5,5,5,4,5,3,5,5,4,5,2,4,4,5,5,5,5,5,5,3,2,4,4,2,2,3,5,4,5,,
025125,49764c277bb4cda8b00205e2d6169a54,3,3,4,4,3,4,4,4,4,3,3,4,3,3,4,4,3,3,4,2,3,3,3,2,2,4,3,4,4,4,3,4,3,4,5,4,4,2,4,2,4,4,2,4,3,4,4,4,3,4,4,4,3,3,3,3,3,4,5,5,3,3,3,3,3,2,2,3,4,4,3,4,4,4,4,4,3,4,4,3,4,4,3,4,4,3,4,4,3,4,4,4,4,4,4,4,3,3,4,4,4,3,4,4,3,,
025127,e6a12f851afbd625c43db7301eaa962a,4,4,4,4,4,4,4,5,4,5,4,4,4,5,5,5,5,5,4,5,5,4,5,5,5,5,5,4,5,5,4,5,4,5,4,4,4,3,2,3,3,3,3,5,4,4,4,5,4,4,5,4,5,5,5,4,5,4,4,4,4,4,4,4,4,3,5,4,4,4,5,5,4,5,4,5,4,4,5,4,5,4,5,4,4,5,4,4,4,4,4,4,4,4,4,4,3,3,4,4,4,4,3,4,4,,
025128,a87dae021be5a046c7a17275c1087767,3,3,4,4,3,4,3,3,3,4,3,3,3,3,3,4,3,5,4,4,5,4,3,3,3,5,3,4,4,3,3,3,3,3,5,4,4,4,4,4,4,3,4,3,4,3,4,4,4,4,4,4,4,4,4,4,4,4,4,4,4,4,4,3,3,3,3,3,3,4,4,4,4,4,4,3,3,3,3,5,3,3,3,4,4,3,3,4,4,5,4,5,4,4,5,3,5,5,5,4,4,4,4,2,4,,
025129,c3d95ee116f2f6902c8697c1e0b91af2,2,2,2,3,2,2,2,4,3,3,3,3,3,3,3,3,3,3,3,3,3,3,3,3,3,5,5,5,5,3,3,4,4,3,4,3,3,3,3,2,3,3,2,#N/A,#N/A,#N/A,#N/A,#N/A,#N/A,#N/A,#N/A,#N/A,#N/A,#N/A,#N/A,#N/A,#N/A,#N/A,#N/A,#N/A,#N/A,#N/A,#N/A,#N/A,#N/A,#N/A,#N/A,#N/A,#N/A,4,4,4,4,4,4,4,4,3,3,4,3,4,2,3,3,4,3,3,4,3,4,3,3,4,3,3,2,2,2,3,4,2,2,2,2,,
025130,f2f8e21400a02e18988451214af5ebc6,2,2,2,2,2,2,4,4,4,4,3,3,2,4,3,3,2,4,2,2,4,3,2,2,2,5,5,5,5,5,3,3,2,3,4,#N/A,#N/A,#N/A,#N/A,#N/A,#N/A,#N/A,#N/A,4,4,2,2,4,3,2,4,4,3,4,3,2,2,4,4,2,2,3,3,2,2,2,2,2,2,4,3,4,4,3,4,3,3,4,4,4,4,2,2,4,4,4,2,4,3,4,2,4,2,3,4,4,2,3,4,4,3,3,2,4,4,,
025131,b9e8c248682c6f0fec0ab0c89153fdec,4,4,4,3,3,3,4,4,3,3,4,4,3,3,3,4,3,3,3,4,4,4,4,4,4,5,2,5,5,4,4,3,3,3,5,5,5,2,4,2,3,4,2,#N/A,#N/A,#N/A,#N/A,#N/A,#N/A,#N/A,#N/A,#N/A,#N/A,#N/A,#N/A,#N/A,#N/A,#N/A,#N/A,#N/A,#N/A,#N/A,#N/A,#N/A,#N/A,#N/A,#N/A,#N/A,#N/A,4,4,4,4,4,4,4,4,4,4,4,4,4,4,4,5,4,4,5,4,5,4,4,4,4,4,5,3,4,3,3,3,4,3,4,3,,
025132,49ec53372291c12d64125d903e6e957b,2,3,2,4,2,4,4,4,4,3,3,4,4,4,4,4,4,4,4,2,3,3,2,2,2,5,4,4,5,4,3,4,3,4,5,3,5,4,3,1,4,4,2,3,4,3,4,3,3,3,3,5,3,4,4,3,3,3,4,3,3,3,2,4,2,2,3,2,3,4,3,4,3,4,3,3,4,4,4,3,3,2,4,4,3,4,3,4,3,5,4,5,5,5,5,5,5,4,4,4,5,4,5,4,4,,
025133,0b4ab19c8fdac2b57c0a87557ad01d58,4,4,4,3,2,3,3,4,4,3,4,4,3,4,4,4,5,5,4,5,4,4,4,4,3,4,5,4,4,5,4,5,5,4,5,3,4,3,4,2,4,4,3,4,4,3,4,3,4,4,5,4,4,3,4,4,3,3,4,3,4,4,3,3,3,3,3,3,3,4,5,3,4,4,3,4,3,4,4,4,3,4,3,3,4,4,2,4,4,4,4,4,4,4,4,4,3,4,3,3,3,4,4,4,4,,
025134,61a34372af5e10e865cbd1b2df5b84a4,3,2,3,3,2,4,4,5,5,5,5,5,5,5,5,5,5,5,5,5,5,5,5,5,5,5,5,5,5,5,5,5,5,5,5,5,5,5,5,5,5,5,5,4,4,4,2,4,4,5,3,3,5,4,3,1,1,3,5,5,5,5,3,4,4,4,5,4,4,5,5,5,5,5,5,5,5,5,5,5,5,5,5,5,4,4,4,3,3,5,5,5,5,5,5,5,3,4,3,3,3,3,4,3,3,,
025135,b8ab73dfc26a5ef463cc446e9db2a7b2,4,4,5,4,3,4,5,4,4,4,4,4,3,5,5,5,4,5,5,5,5,4,3,3,3,5,5,5,5,5,3,4,3,4,4,4,4,2,4,3,4,4,3,4,5,4,4,4,4,4,4,4,4,4,4,4,4,4,4,4,4,4,4,4,2,2,2,2,4,4,4,4,4,4,4,3,4,4,4,3,4,4,4,4,4,4,3,4,5,5,3,5,5,4,5,3,3,4,2,4,4,4,5,5,5,,
025136,c244a369a2543d61ec7d2b68f73de3f6,4,4,4,3,1,4,4,4,4,4,3,3,3,3,3,3,5,5,5,3,3,3,3,3,3,5,5,5,5,5,5,5,5,5,5,4,4,2,4,2,4,4,2,3,3,3,3,3,3,3,3,3,3,3,3,3,3,3,3,3,4,4,4,4,3,3,3,3,3,3,4,4,4,4,4,4,3,4,3,3,4,4,4,4,3,4,5,4,4,4,5,5,5,5,5,3,3,3,4,4,4,5,4,2,3,,
025137,86da7f8b872750a4d4772563af28a3cd,2,2,2,4,2,3,3,#N/A,#N/A,#N/A,#N/A,#N/A,#N/A,#N/A,#N/A,#N/A,#N/A,#N/A,#N/A,#N/A,#N/A,#N/A,#N/A,#N/A,#N/A,3,4,3,2,4,3,4,2,5,3,5,5,5,5,5,5,4,4,#N/A,#N/A,#N/A,#N/A,#N/A,#N/A,#N/A,#N/A,#N/A,#N/A,#N/A,#N/A,#N/A,#N/A,#N/A,#N/A,#N/A,#N/A,#N/A,#N/A,#N/A,#N/A,#N/A,#N/A,#N/A,#N/A,#N/A,#N/A,#N/A,#N/A,#N/A,#N/A,#N/A,#N/A,#N/A,#N/A,#N/A,#N/A,#N/A,#N/A,#N/A,3,4,4,4,4,2,1,3,4,2,4,4,2,4,3,3,3,4,3,2,3,,
025138,a900014d84fccaaa7ba07bdd1b73b7a9,3,3,3,3,3,4,4,5,4,4,3,4,4,5,5,5,5,5,5,5,5,5,5,5,5,5,4,3,4,4,4,4,4,4,4,4,4,2,4,2,4,4,3,4,4,3,3,4,4,3,4,4,3,3,4,3,3,4,4,3,4,4,3,4,3,3,4,4,3,4,4,4,4,4,4,3,3,5,4,4,4,4,4,4,4,4,3,5,3,4,3,4,3,4,5,3,3,3,4,4,4,3,3,3,3,,
025139,21cb2875a149abf32e363b1b29186833,3,2,3,3,2,3,3,5,4,4,3,4,3,4,4,4,4,4,4,4,4,3,4,3,3,4,4,5,4,5,4,5,5,4,4,4,4,3,4,3,4,4,3,4,4,3,3,4,4,4,4,4,4,4,4,4,4,5,4,4,4,4,4,4,3,4,3,3,3,4,4,3,4,4,4,4,4,4,4,4,3,4,4,5,4,4,3,4,3,5,4,3,4,4,4,3,3,2,3,3,3,2,3,4,3,,
025140,87d15050b3bf01a682a77da36d849a45,4,2,4,3,1,2,3,4,4,4,3,4,4,4,4,4,4,4,4,3,4,4,4,4,4,4,3,4,3,4,4,4,3,3,4,4,4,3,4,3,4,3,4,#N/A,#N/A,#N/A,#N/A,#N/A,#N/A,#N/A,#N/A,#N/A,#N/A,#N/A,#N/A,#N/A,#N/A,#N/A,#N/A,#N/A,#N/A,#N/A,#N/A,#N/A,#N/A,#N/A,#N/A,#N/A,#N/A,4,4,4,5,3,3,2,4,2,4,4,3,3,3,3,4,4,4,4,4,5,4,4,4,5,4,4,2,4,3,4,3,3,4,4,3,,
025141,ae3fc0f86aa59729036a43a931dc455d,3,3,3,4,3,4,4,4,4,4,4,3,3,4,4,3,3,3,3,4,4,4,4,3,4,5,5,5,5,5,5,5,4,4,5,4,4,4,5,2,4,4,2,5,5,5,5,5,4,4,4,4,5,5,5,5,5,5,5,4,5,5,4,5,5,4,4,4,3,4,4,5,4,4,4,4,4,5,5,5,5,4,4,5,4,4,3,4,4,5,4,5,5,5,5,4,4,4,4,4,4,4,4,3,4,,
025142,f86495de67adb8e42c68bef3466753ce,4,4,3,4,3,3,3,4,4,4,3,3,3,4,3,4,3,4,4,4,4,4,4,4,3,4,4,4,4,4,4,4,4,4,4,4,3,4,4,3,4,4,3,3,3,3,4,4,3,4,4,3,4,4,4,3,3,3,4,3,3,3,4,3,3,3,3,3,4,3,3,4,3,4,3,4,4,4,4,4,3,4,4,3,3,3,3,4,4,4,5,5,5,5,4,4,3,4,4,4,4,4,3,3,3,,
025143,c31e38a98295467c8715fecde00315bb,4,3,5,5,2,3,5,4,3,3,1,3,3,4,4,4,3,4,5,2,4,3,3,3,3,4,5,5,5,2,5,4,4,4,5,4,4,2,5,2,3,4,2,3,5,5,5,5,4,4,3,3,4,3,3,4,3,3,4,4,3,4,3,4,4,4,4,4,4,4,3,4,3,3,3,3,4,3,4,3,4,4,4,4,5,5,5,5,5,3,3,4,4,4,4,3,3,3,4,3,4,2,5,3,4,,
025144,d8b0d89dae223905b78ced372c4216f3,#N/A,#N/A,#N/A,#N/A,#N/A,#N/A,#N/A,3,3,2,3,3,4,5,5,5,5,4,5,4,3,3,4,4,4,5,5,5,4,4,5,5,3,5,5,5,5,5,5,5,5,5,5,5,5,5,5,4,5,5,4,5,4,4,4,4,4,4,5,4,4,5,4,5,4,4,3,4,4,5,5,5,4,4,4,4,4,4,4,4,4,4,4,4,3,4,4,2,4,2,4,4,4,4,5,2,4,4,5,4,4,4,4,3,1,,
025145,4ad9d8d7f5810eebddc15fa9fe5c6160,4,5,5,3,3,4,5,5,4,2,4,4,4,4,4,4,2,4,4,3,4,4,3,3,3,4,3,5,4,3,5,5,5,3,4,4,4,3,4,2,4,4,2,4,4,3,4,4,4,4,4,4,4,4,4,4,4,4,4,4,4,4,4,4,4,3,4,4,3,#N/A,#N/A,#N/A,#N/A,#N/A,#N/A,#N/A,#N/A,#N/A,#N/A,#N/A,#N/A,#N/A,#N/A,#N/A,3,4,3,1,5,5,5,5,5,5,5,4,3,3,2,3,5,5,3,5,3,,
025146,f81cd8e76db562b98b4f098eeaa7c932,#N/A,#N/A,#N/A,#N/A,#N/A,#N/A,#N/A,5,4,5,5,4,4,#N/A,#N/A,#N/A,#N/A,#N/A,#N/A,#N/A,#N/A,#N/A,#N/A,#N/A,#N/A,5,5,4,4,5,4,4,5,4,4,4,4,2,4,1,4,4,1,#N/A,#N/A,#N/A,#N/A,#N/A,#N/A,#N/A,#N/A,#N/A,#N/A,#N/A,#N/A,#N/A,#N/A,#N/A,#N/A,#N/A,#N/A,#N/A,#N/A,#N/A,#N/A,#N/A,#N/A,#N/A,#N/A,5,4,5,5,4,4,5,4,4,4,4,5,4,4,4,4,5,4,4,4,4,4,4,4,4,5,4,4,4,5,4,4,4,4,4,4,,
025147,079f9bb0ca359849d7ca777c421f71a4,4,4,3,3,2,3,3,3,3,4,3,3,3,4,4,3,4,4,4,3,4,4,4,3,4,5,4,4,4,4,4,3,3,3,5,4,3,5,4,4,5,4,4,4,4,4,4,3,5,4,4,4,4,4,5,3,4,4,4,5,4,4,4,4,4,4,3,4,3,4,3,4,4,4,4,4,4,4,5,4,3,3,4,4,5,4,4,5,5,4,3,4,4,5,5,4,5,4,4,4,4,4,4,4,4,,
025148,a24b04382635aeb1dac2c1ca1d087c81,4,4,4,3,4,3,4,4,4,4,3,4,4,#N/A,#N/A,#N/A,#N/A,#N/A,#N/A,#N/A,#N/A,#N/A,#N/A,#N/A,#N/A,4,4,4,4,3,4,4,4,3,4,3,4,3,4,3,3,4,3,#N/A,#N/A,#N/A,#N/A,#N/A,#N/A,#N/A,#N/A,#N/A,#N/A,#N/A,#N/A,#N/A,#N/A,#N/A,#N/A,#N/A,#N/A,#N/A,#N/A,#N/A,#N/A,#N/A,#N/A,#N/A,#N/A,3,2,3,3,3,3,3,4,3,4,3,4,3,4,4,4,3,3,3,3,4,4,4,4,4,4,4,4,4,4,4,4,3,4,4,4,,
025149,6673c96740370732eaa6e342e7e578ee,5,5,4,5,3,4,5,5,5,5,5,5,5,4,4,4,4,4,4,3,4,3,3,2,2,4,4,5,5,4,4,5,4,4,4,4,4,2,4,2,4,4,2,4,4,4,4,5,5,4,4,4,4,5,4,4,4,4,5,4,4,4,3,4,3,3,3,3,4,5,5,5,4,4,4,4,4,5,5,4,4,4,4,5,5,5,3,4,5,5,5,5,4,5,5,5,4,4,5,4,5,5,4,3,4,,
025150,71e7e35bcef9a46e87053f9b194b1c2c,4,4,4,4,3,5,4,4,4,4,3,4,4,2,2,3,3,3,3,2,2,3,2,2,2,4,4,4,4,4,4,4,4,4,4,3,3,4,3,2,4,4,3,4,4,3,4,4,3,3,3,3,3,3,4,4,3,3,4,3,3,3,3,4,3,3,3,3,3,4,3,4,3,4,4,3,3,4,4,3,3,2,3,4,4,4,4,4,4,5,4,4,4,5,4,4,4,4,4,4,4,5,5,4,4,,
025151,ddbd10a0f533f02af159e700b159df54,3,3,3,3,2,3,3,4,4,4,3,4,3,4,4,4,3,3,3,3,3,4,4,3,3,5,4,5,5,3,3,4,4,4,4,4,4,3,4,3,4,4,2,4,4,3,4,4,4,4,4,3,4,3,3,3,3,3,4,3,3,3,3,4,3,3,3,3,3,#N/A,#N/A,#N/A,#N/A,#N/A,#N/A,#N/A,#N/A,#N/A,#N/A,#N/A,#N/A,#N/A,#N/A,#N/A,3,4,3,4,4,4,3,4,4,4,4,4,3,4,2,3,4,4,3,3,3,,
025152,542dda97c86320e16f5913dfbbd4bd64,4,4,3,3,4,4,3,4,4,4,4,4,4,3,3,3,4,3,3,4,3,3,3,3,3,3,3,3,3,3,3,4,3,4,3,4,4,3,4,4,3,3,4,3,4,4,3,3,4,3,4,3,3,3,3,3,4,4,4,3,3,3,3,4,3,3,4,3,3,4,3,4,3,3,3,4,3,3,4,4,4,4,3,3,4,4,4,3,4,3,3,3,3,3,3,3,3,3,3,3,3,3,3,3,3,,
025153,f6c389e832ee13ac92dc205a805ea3a2,2,3,3,4,3,4,4,4,4,4,4,4,4,4,4,4,3,4,4,3,3,3,3,3,3,4,4,4,4,4,4,2,4,4,4,3,3,4,3,3,3,3,4,4,4,3,3,3,3,3,3,4,3,4,4,3,4,3,4,3,3,3,3,3,3,3,3,3,3,3,3,4,3,4,4,4,4,4,4,2,2,2,2,4,4,3,3,4,3,4,4,4,4,4,4,4,2,4,3,4,4,4,4,4,4,,
025154,4a1c0350f045ee4724e34aa44dcf3e08,4,4,4,4,4,4,4,4,4,4,4,4,4,4,4,4,4,4,4,4,4,4,4,4,4,4,4,4,4,4,4,4,4,4,4,4,4,4,4,4,3,4,4,4,4,3,4,3,2,2,3,4,4,4,4,2,2,2,4,3,3,3,3,4,3,3,3,3,3,4,4,4,4,4,4,4,4,4,4,4,4,4,4,4,5,3,4,5,4,5,4,4,4,5,5,4,2,4,4,4,4,4,4,4,4,,
025155,8fcde9dbfe9ae5f2188afafc48a6617c,#N/A,#N/A,#N/A,#N/A,#N/A,#N/A,#N/A,4,2,2,2,2,2,2,3,2,4,3,4,3,2,2,2,2,3,3,4,3,3,3,3,3,3,3,3,3,4,4,4,3,4,4,3,3,3,4,3,2,2,2,3,4,2,4,3,2,2,2,3,2,2,2,4,4,2,3,2,3,3,2,2,3,2,3,3,2,2,3,3,2,2,2,2,3,5,5,5,5,4,3,4,4,2,3,2,2,1,2,2,1,4,3,4,4,4,,
025156,f4747522d5f3cb4b6fa47ffc2896e2cf,4,4,3,3,1,4,4,5,5,5,5,4,4,3,3,3,3,4,4,4,4,4,3,3,3,5,5,5,5,4,5,5,5,5,5,4,3,3,4,4,3,4,4,3,2,2,5,5,5,5,5,5,5,5,5,2,3,2,5,3,3,3,3,3,3,3,3,3,4,#N/A,#N/A,#N/A,#N/A,#N/A,#N/A,#N/A,#N/A,#N/A,#N/A,#N/A,#N/A,#N/A,#N/A,#N/A,4,5,5,5,4,5,5,5,5,5,5,5,5,5,4,5,5,4,5,3,4,,
025157,b8ba0adbb81b26cd2bb88212dade03d1,4,4,3,4,4,4,4,4,3,5,4,4,4,4,5,4,5,4,5,4,4,5,4,4,4,4,4,5,3,4,4,4,4,4,4,5,3,3,4,2,4,4,2,4,4,3,4,3,4,4,3,4,5,4,4,3,4,3,4,3,4,3,4,4,4,4,4,3,4,4,5,4,5,4,4,4,4,4,4,4,5,3,4,4,4,4,4,4,4,4,4,5,4,4,4,4,2,3,4,4,4,4,4,4,4,,
025159,54e1dd387e3f4a544705b6cf5c29ba4f,4,4,4,4,4,4,4,4,4,4,4,4,4,4,4,4,4,4,4,4,4,4,4,4,4,4,4,4,4,4,4,4,4,4,4,3,3,2,3,2,3,3,2,#N/A,#N/A,#N/A,#N/A,#N/A,#N/A,#N/A,#N/A,#N/A,#N/A,#N/A,#N/A,#N/A,#N/A,#N/A,#N/A,#N/A,#N/A,#N/A,#N/A,#N/A,#N/A,#N/A,#N/A,#N/A,#N/A,4,4,4,4,4,4,4,4,4,4,4,4,4,4,4,3,4,4,4,3,3,4,4,4,4,4,4,4,4,4,4,4,4,4,4,4,,
025160,50449ce685bfa15d80fddef89c5bd04e,5,4,3,3,3,3,3,5,5,4,4,4,3,3,3,5,3,3,3,3,4,4,3,3,3,5,5,5,5,5,5,5,3,3,4,5,5,5,5,5,5,5,2,5,3,5,3,4,3,5,5,5,5,5,4,2,4,4,3,3,3,3,3,3,3,3,3,3,3,3,3,3,3,3,3,3,3,3,3,3,3,3,3,3,4,4,4,4,4,4,4,4,4,5,5,4,3,3,3,3,3,3,3,3,3,,
025161,35225d9728ba8db7ae00c377874b3de3,5,4,4,4,3,4,4,4,4,4,4,4,4,#N/A,#N/A,#N/A,#N/A,#N/A,#N/A,#N/A,#N/A,#N/A,#N/A,#N/A,#N/A,4,4,4,4,3,3,3,3,4,4,4,4,3,4,2,4,4,2,#N/A,#N/A,#N/A,#N/A,#N/A,#N/A,#N/A,#N/A,#N/A,#N/A,#N/A,#N/A,#N/A,#N/A,#N/A,#N/A,#N/A,#N/A,#N/A,#N/A,#N/A,#N/A,#N/A,#N/A,#N/A,#N/A,3,3,4,4,5,4,3,3,4,4,4,4,4,4,4,4,5,3,4,4,5,4,5,4,4,4,4,4,4,3,4,4,4,4,4,4,,
025162,f7cfa514945a846a43f39d2ef6bb8678,5,5,5,5,3,3,5,5,5,5,5,5,3,5,5,5,5,5,5,5,5,5,5,5,5,5,5,5,5,5,5,5,5,5,5,5,5,1,5,1,5,5,1,#N/A,#N/A,#N/A,#N/A,#N/A,#N/A,#N/A,#N/A,#N/A,#N/A,#N/A,#N/A,#N/A,#N/A,#N/A,#N/A,#N/A,#N/A,#N/A,#N/A,#N/A,#N/A,#N/A,#N/A,#N/A,#N/A,5,5,5,5,5,5,5,5,5,5,5,5,5,5,5,5,5,5,5,5,5,5,5,5,5,5,5,3,3,5,5,5,5,3,2,5,,
025163,c890d318440a4565be9a5b43d86fba8f,4,3,4,3,1,3,3,4,5,3,3,4,2,5,4,4,4,4,4,3,4,4,3,3,3,4,5,4,3,3,4,4,2,3,4,3,4,3,4,2,4,4,2,4,3,4,4,4,2,3,4,3,4,4,4,2,3,4,5,3,4,4,3,4,4,3,5,3,4,4,3,5,3,5,4,2,1,4,4,3,4,2,4,5,4,4,5,5,5,4,2,3,4,3,4,3,3,2,3,2,2,4,3,3,4,,
025164,7a53383a38a31bf1fdc13968a2402145,4,3,3,4,3,4,3,4,4,4,3,2,3,4,3,4,4,4,4,3,3,4,3,3,3,4,4,4,4,4,4,4,4,3,5,3,4,3,4,3,3,4,3,4,4,4,4,4,4,4,4,4,4,4,4,3,3,4,5,4,4,4,3,4,3,4,4,4,4,4,3,4,3,4,4,4,4,4,4,4,4,4,4,5,4,4,4,4,4,5,5,5,5,5,5,5,4,4,4,4,4,5,4,4,4,,
025165,49b3fefaadad9dbece1fc1a4b02771e0,4,2,3,3,2,4,2,4,4,4,3,3,2,3,3,3,4,2,3,1,2,2,2,2,2,5,5,4,4,4,5,4,4,4,3,2,3,3,4,4,3,4,4,3,4,3,2,3,2,4,3,3,4,4,4,4,2,2,4,4,2,2,2,4,2,3,3,4,2,5,4,4,2,3,3,3,4,4,4,4,4,2,2,5,3,4,2,4,3,5,5,5,5,5,5,4,2,3,4,4,4,3,3,5,5,,
025166,3ae68fabdaa90852d3ca65489b8d1555,5,4,5,5,5,5,5,4,4,4,3,3,3,4,4,5,5,4,4,4,4,5,3,3,3,4,4,4,4,3,4,5,4,5,5,4,4,4,4,4,3,4,2,5,5,4,4,4,5,4,4,4,4,5,5,4,3,4,5,4,4,4,4,4,5,5,5,5,4,4,5,5,5,4,3,4,4,4,4,4,4,5,4,5,5,5,4,5,4,4,5,5,5,5,5,5,4,5,5,5,5,5,5,5,5,,
025167,9bc2d7d8281006c5ff62c88ffdd60828,4,3,3,4,3,4,3,4,3,4,4,4,4,4,4,4,3,4,3,3,4,3,4,3,3,5,4,5,5,3,3,4,4,3,5,3,4,4,3,3,4,4,4,4,4,3,4,3,3,3,4,5,4,5,5,3,3,3,5,5,5,5,3,4,3,3,4,3,3,4,4,3,3,3,3,4,3,4,3,4,3,4,3,4,4,4,3,3,4,4,5,5,5,5,5,5,4,4,3,3,3,5,5,4,5,,
029179,327c402a08190fac5458c61b9b5b40f7,#N/A,#N/A,#N/A,#N/A,#N/A,#N/A,#N/A,3,3,4,3,3,3,#N/A,#N/A,#N/A,#N/A,#N/A,#N/A,#N/A,#N/A,#N/A,#N/A,#N/A,#N/A,3,3,3,3,4,3,4,3,4,3,3,3,3,3,2,3,3,3,3,4,3,4,3,4,3,3,3,3,4,3,4,3,4,3,4,3,3,4,3,3,4,3,3,4,#N/A,#N/A,#N/A,#N/A,#N/A,#N/A,#N/A,#N/A,#N/A,#N/A,#N/A,#N/A,#N/A,#N/A,#N/A,3,3,3,3,3,3,3,4,4,4,4,4,3,3,4,4,3,4,4,3,4,,
029181,441f98d728be23bb2d450e8220b2777a,5,4,5,5,3,4,4,5,4,4,4,4,4,4,4,4,4,4,4,4,4,5,4,3,4,5,5,5,5,5,2,5,3,3,5,3,4,3,3,2,3,3,4,4,4,3,4,4,4,4,4,4,4,4,4,4,4,4,4,4,4,4,4,4,4,4,4,4,4,5,5,5,5,5,3,3,3,3,3,5,3,3,3,3,5,5,4,5,5,5,5,5,5,5,5,5,4,4,4,4,4,4,4,2,4,,
029192,8b136da5654e312a5871ada4f8188350,5,2,2,2,1,3,3,5,5,5,3,3,4,4,4,4,4,4,4,4,5,5,4,3,4,5,3,5,4,5,3,3,3,1,3,3,4,3,3,3,3,3,4,4,4,4,3,3,4,4,4,4,4,4,4,4,4,4,4,4,4,4,4,4,4,4,4,4,4,4,4,4,4,4,5,4,4,4,4,4,5,2,5,5,3,5,3,4,3,5,5,5,5,5,5,3,3,3,3,3,5,3,3,3,2,,
029196,06de6008057626cdbca13eedc36a7b58,4,3,2,2,1,1,2,4,4,4,3,3,2,3,3,4,3,3,3,4,4,4,3,2,3,5,5,5,5,5,4,4,3,5,5,3,4,3,2,3,3,2,5,3,5,3,4,4,4,3,4,5,3,4,4,4,4,3,5,3,4,3,3,4,3,3,4,2,3,3,2,3,4,3,2,2,2,4,3,4,4,2,3,4,3,4,2,3,2,5,3,3,2,4,3,4,3,3,5,4,5,2,4,2,2,,
029212,c1e5859a8a54a27629b6054826671637,4,4,4,3,2,2,2,2,2,2,1,1,1,3,3,3,4,3,2,4,4,4,3,3,3,5,4,5,5,5,4,5,3,4,5,4,4,2,4,3,3,4,2,4,4,3,3,4,4,4,4,4,4,4,4,4,4,4,5,3,4,4,4,4,4,4,2,2,3,4,4,4,4,4,3,2,2,4,4,4,2,2,5,4,5,5,3,4,4,4,4,4,4,4,4,4,3,3,3,4,4,3,3,4,3,,
029213,10e3059b6aa258cf47cd57a74215e03d,4,4,4,5,3,5,5,4,4,4,4,4,4,4,4,4,4,4,4,3,4,4,3,3,3,4,3,4,4,3,4,3,4,4,4,3,3,1,3,4,3,4,3,#N/A,#N/A,#N/A,#N/A,#N/A,#N/A,#N/A,#N/A,#N/A,#N/A,#N/A,#N/A,#N/A,#N/A,#N/A,#N/A,#N/A,#N/A,#N/A,#N/A,#N/A,#N/A,#N/A,#N/A,#N/A,#N/A,4,4,4,4,4,4,3,3,4,4,4,4,3,4,4,4,4,4,5,3,4,4,4,3,5,4,4,4,4,4,4,3,3,4,4,4,,
029229,0ad415a3bffb49bd3c3ef51a6325718d,4,4,4,4,3,5,4,5,5,5,4,4,4,4,4,5,5,4,4,4,5,5,4,3,4,5,2,5,3,3,2,2,3,3,4,3,3,1,5,1,3,4,1,5,5,2,4,4,4,4,4,4,5,4,4,5,5,5,4,5,4,3,4,4,2,3,3,3,4,5,5,5,5,5,5,5,4,5,5,5,4,3,4,4,5,5,5,4,4,4,4,5,5,5,5,5,5,5,5,5,5,4,5,3,4,,
029258,ede9110496e10f440e862fa3991a1a4c,5,5,5,5,3,5,4,5,5,4,4,5,5,4,5,4,5,5,5,4,5,5,4,4,4,5,5,5,5,5,5,5,5,5,5,5,5,1,4,4,5,4,1,5,5,1,5,5,5,5,5,3,5,2,4,3,5,5,5,2,3,5,4,5,4,4,3,3,5,5,3,4,5,5,3,4,3,3,5,4,5,5,2,3,5,5,5,5,5,3,3,3,4,5,5,5,4,3,3,4,4,3,2,1,2,,
029295,b57549626e07ac502a61b1983c8b8eec,4,4,3,4,2,4,4,4,4,4,4,4,4,3,3,3,4,4,4,4,4,4,3,3,3,5,4,5,5,4,3,4,4,3,4,4,3,2,4,2,4,3,3,3,5,4,4,4,4,4,4,4,4,4,4,3,4,4,4,3,3,3,4,4,2,2,2,2,3,4,4,4,4,3,3,2,3,3,3,4,3,2,4,4,4,5,3,4,3,4,5,5,4,4,4,4,4,3,3,4,4,3,4,3,3,,
029298,5ca69df3379af7b6b30deb68cd61fbbf,4,5,4,5,4,4,4,5,5,5,4,3,4,3,3,3,4,3,4,5,4,4,4,3,4,4,5,5,3,5,4,4,4,5,5,3,5,2,4,1,3,4,2,3,4,5,4,4,4,5,3,4,3,3,4,4,4,3,4,5,5,4,4,4,5,5,1,1,2,4,4,5,4,5,3,4,2,4,3,5,4,4,5,5,5,4,3,5,5,5,4,5,5,4,5,4,4,4,3,4,3,3,4,5,5,,
029300,ef43dcf1e78c6b421859e378da482268,4,4,4,5,3,4,5,5,5,5,3,4,4,4,4,4,5,5,5,4,5,5,3,3,3,5,5,5,5,5,5,3,3,5,5,3,3,3,3,3,3,3,3,4,4,5,4,4,4,4,4,4,4,4,4,4,4,4,4,4,4,4,4,4,4,4,4,4,4,5,4,5,4,5,4,4,4,4,5,5,5,5,4,5,5,5,4,4,4,5,5,5,5,5,5,5,4,4,4,4,4,4,5,2,5,,
029313,636448a414e693cbcf9bf6e750366726,4,4,4,4,4,4,4,4,4,4,4,4,4,4,4,4,4,4,4,4,4,4,3,2,2,5,5,5,5,5,5,5,5,5,5,2,4,2,4,3,2,3,3,5,5,4,4,5,4,4,5,4,5,3,5,4,3,3,4,4,4,4,5,4,4,4,2,2,4,4,4,4,4,4,4,4,4,4,4,4,4,4,4,4,5,4,3,3,5,5,5,5,5,5,5,5,4,3,3,4,4,3,3,3,3,,
029314,e56399413dd63da74ad76ff1196ee7bc,4,4,4,4,3,4,4,5,5,5,4,5,5,5,5,5,4,5,5,4,5,5,3,2,4,4,3,4,4,2,4,1,1,3,4,5,5,1,5,1,4,5,1,5,5,5,5,5,5,5,5,5,5,5,5,5,5,5,5,5,5,5,5,5,5,5,4,4,5,5,4,4,4,3,5,5,4,5,5,5,5,3,5,5,5,5,3,5,5,5,4,5,5,5,5,4,3,3,5,4,5,4,1,5,1,,
029326,610e67f203fa862906dcd43bf08dbc2a,5,5,5,5,3,3,3,5,5,5,4,4,4,5,5,5,4,4,4,5,4,4,4,4,4,#N/A,#N/A,#N/A,#N/A,#N/A,#N/A,#N/A,#N/A,#N/A,#N/A,4,4,2,4,2,4,4,2,5,5,5,5,5,5,5,3,5,3,4,4,5,5,4,5,4,3,2,4,5,2,4,3,4,5,5,5,5,5,5,5,5,5,5,5,5,3,3,4,4,5,5,5,5,5,5,5,5,5,5,5,5,5,5,4,5,5,5,5,3,4,,
029354,f03dbdde0073461763faec1e43935462,4,3,4,3,2,3,3,5,5,5,4,4,4,4,3,4,4,4,4,4,4,5,3,3,3,#N/A,#N/A,#N/A,#N/A,#N/A,#N/A,#N/A,#N/A,#N/A,#N/A,3,4,4,5,2,3,4,1,#N/A,#N/A,#N/A,#N/A,#N/A,#N/A,#N/A,#N/A,#N/A,#N/A,#N/A,#N/A,#N/A,#N/A,#N/A,#N/A,#N/A,#N/A,#N/A,#N/A,#N/A,#N/A,#N/A,#N/A,#N/A,#N/A,4,4,4,5,5,5,3,3,4,4,4,4,1,4,4,5,5,5,5,4,5,3,5,5,5,5,4,3,3,3,4,5,4,3,3,3,,
029359,3b058da65032812db8374e59cda9252c,4,3,3,4,3,3,4,4,4,4,3,3,3,3,3,3,4,4,4,4,4,4,3,4,4,4,1,4,4,1,3,2,2,4,4,2,4,3,3,3,4,4,3,4,4,4,4,3,3,4,3,4,4,4,4,3,3,4,4,4,4,4,3,4,5,5,4,3,5,4,4,4,2,3,3,4,3,2,3,3,3,2,4,3,4,4,4,4,4,4,4,4,4,4,4,3,3,3,3,3,3,3,3,2,2,,
029367,71f0a2289542beca977dd30dd1a9d670,4,3,3,3,3,3,3,4,4,4,4,4,3,3,3,4,4,4,4,4,4,4,4,4,4,5,4,5,5,5,5,5,5,5,5,4,4,2,4,2,3,4,3,4,5,5,4,4,3,4,4,3,4,4,4,3,4,4,5,4,5,5,4,5,5,5,5,4,4,4,4,5,4,5,3,3,4,4,4,4,4,3,5,5,4,4,5,5,3,4,5,5,5,5,5,3,3,3,4,4,4,3,2,2,2,,
029375,d6c446a9eb045c1001e17fa4d5bbd4be,5,5,5,3,3,4,4,5,4,3,3,3,3,4,4,5,5,5,5,4,4,4,5,4,4,5,5,5,5,3,4,4,3,5,5,3,4,1,4,2,3,3,3,4,5,3,4,4,5,5,4,4,4,4,4,4,4,4,4,4,4,4,4,5,4,3,3,3,3,5,4,5,5,4,5,3,4,4,5,5,5,4,4,1,4,4,4,4,4,4,4,5,5,3,5,5,4,4,4,4,4,3,4,4,4,,
029386,ac0dfe2beee31aac0cbcb89bf4a869fc,4,4,4,4,3,5,5,5,4,4,5,5,4,5,4,5,4,4,4,4,4,4,5,5,5,4,4,5,5,5,3,5,5,3,5,4,4,3,4,2,4,3,2,#N/A,#N/A,#N/A,#N/A,#N/A,#N/A,#N/A,#N/A,#N/A,#N/A,#N/A,#N/A,#N/A,#N/A,#N/A,#N/A,#N/A,#N/A,#N/A,#N/A,#N/A,#N/A,#N/A,#N/A,#N/A,#N/A,4,4,3,4,3,5,4,3,3,5,3,5,5,5,5,5,5,4,4,3,4,4,4,5,4,5,3,3,4,4,5,4,3,3,2,4,,
029387,88be06eae40c768b3959981f0c4dd0b9,5,3,3,3,3,3,3,3,3,3,5,3,3,5,3,4,4,4,3,4,5,4,5,3,3,5,4,5,5,5,3,5,5,3,5,1,5,5,2,5,1,3,2,5,5,5,5,3,5,5,5,5,5,5,5,5,5,5,5,5,5,5,3,5,3,5,3,3,5,3,5,5,4,5,5,5,5,5,5,5,3,4,3,5,5,5,5,5,3,5,5,5,3,3,3,3,3,3,5,5,5,3,1,5,1,,
029399,49c531db9a238c41eb438ff9999e83c3,2,3,3,3,2,4,3,4,4,4,4,4,4,5,5,5,4,4,4,3,4,4,4,3,4,5,4,5,5,5,5,3,3,3,5,4,3,2,4,3,3,3,3,3,4,2,4,4,3,3,4,4,4,4,4,2,2,4,3,3,2,3,3,4,3,3,2,2,4,4,4,4,4,4,4,4,4,4,4,3,4,3,4,4,3,4,4,4,3,4,4,4,3,4,4,4,3,3,3,4,4,3,3,3,3,,
029419,6630c6e86f1b40d990bf8a7aec2a8c92,4,4,4,3,3,4,4,4,4,4,4,4,4,4,4,4,5,5,5,4,5,5,4,5,5,5,4,5,5,4,4,2,2,3,5,4,4,4,4,2,3,3,2,5,5,5,4,4,4,4,4,4,4,4,4,3,4,3,3,3,4,3,3,4,3,3,2,2,3,3,4,3,4,4,4,4,5,4,4,3,4,3,4,4,4,3,4,4,4,4,4,3,4,4,4,4,4,4,4,4,5,4,3,5,4,,
029421,e7d2654eec4526ad4eee36cb57538d10,5,3,3,3,3,3,5,3,3,3,3,3,3,5,5,5,5,5,3,4,3,5,4,4,4,5,5,5,5,5,5,3,5,3,5,5,5,2,5,3,4,4,3,5,5,3,5,5,5,5,5,3,5,5,3,3,5,5,5,3,3,5,2,5,5,5,4,2,5,4,4,5,2,5,4,4,5,5,5,5,5,5,2,5,4,5,5,4,4,5,3,5,5,3,5,5,3,4,3,5,4,2,2,5,2,,
029430,af1ed47d216576210e74abe3323a402e,4,4,3,2,2,3,4,4,4,4,4,4,4,4,4,5,4,4,4,3,3,3,4,4,4,5,4,4,4,3,4,4,4,4,5,4,4,2,4,2,4,4,1,4,4,4,4,4,4,4,4,4,4,4,4,4,4,3,4,3,4,3,4,4,3,4,3,4,4,3,3,4,3,3,4,3,3,3,3,4,3,3,3,3,4,4,2,4,4,4,3,4,4,4,4,3,3,3,4,4,4,3,3,4,3,,
029449,54f0659a39272656e5f393b7307474a2,5,3,4,4,3,4,5,5,5,5,4,3,4,4,4,5,5,3,4,5,5,5,3,4,4,5,5,5,5,5,5,5,5,4,5,4,2,3,5,4,3,4,4,4,5,5,5,4,4,3,4,4,5,5,5,4,4,4,5,5,5,4,5,5,3,4,4,4,5,5,4,5,5,4,3,3,5,4,4,5,5,5,5,5,5,4,3,3,4,2,3,4,2,5,4,3,2,2,3,3,4,2,5,2,3,,
029481,32e2a39e915e0e66464608dd4b9d1818,5,4,1,2,1,1,1,4,3,3,3,3,3,3,3,3,4,2,1,3,3,3,1,1,1,5,5,5,5,5,5,3,4,4,5,1,1,5,1,4,1,1,4,4,4,2,3,3,3,2,2,5,3,3,3,1,3,3,2,1,3,2,2,3,2,2,2,2,2,2,2,2,2,1,3,3,1,4,5,3,3,1,2,2,2,3,3,3,3,3,2,3,2,4,4,4,2,1,2,2,2,2,1,3,1,,
029493,871443f4ecb000dfa588489eb30270d7,4,5,3,4,3,4,3,5,5,5,5,5,4,5,4,5,4,5,4,4,5,5,4,3,3,5,5,5,5,4,4,5,5,3,5,4,4,2,5,1,4,4,2,5,5,5,5,5,4,4,5,4,5,4,5,5,5,5,5,5,4,5,4,5,4,5,5,4,5,4,4,5,3,5,5,3,4,5,5,4,5,4,2,5,4,4,5,5,5,4,5,5,5,5,4,5,4,4,4,5,5,4,5,3,4,,
029494,e80490b4373cd80425367f7bb22cb9c6,3,3,3,3,3,3,3,#N/A,#N/A,#N/A,#N/A,#N/A,#N/A,#N/A,#N/A,#N/A,#N/A,#N/A,#N/A,#N/A,#N/A,#N/A,#N/A,#N/A,#N/A,5,3,5,5,3,3,5,5,5,5,5,4,2,5,4,3,5,2,#N/A,#N/A,#N/A,#N/A,#N/A,#N/A,#N/A,#N/A,#N/A,#N/A,#N/A,#N/A,#N/A,#N/A,#N/A,#N/A,#N/A,#N/A,#N/A,#N/A,#N/A,#N/A,#N/A,#N/A,#N/A,#N/A,#N/A,#N/A,#N/A,#N/A,#N/A,#N/A,#N/A,#N/A,#N/A,#N/A,#N/A,#N/A,#N/A,#N/A,#N/A,5,5,5,5,5,5,3,5,5,5,5,5,2,3,5,3,5,5,3,3,5,,
029549,54b1cc135f975e9271eaa48cc2a515f3,5,3,3,3,2,3,3,5,5,5,4,3,3,3,3,3,4,4,4,4,4,4,3,3,3,5,4,5,5,4,4,3,5,3,5,4,4,5,4,1,4,4,4,4,5,4,5,4,4,4,4,5,4,5,5,4,3,4,4,4,4,4,3,3,3,3,3,3,3,4,3,3,4,5,3,3,4,4,4,3,3,3,5,5,5,5,4,5,4,3,4,4,4,4,4,5,3,3,3,3,4,3,3,2,3,,
029550,e8b030f83cb6d2cdddb239fd1cde157f,4,4,4,5,4,4,5,5,5,5,4,5,5,5,5,4,4,4,4,4,4,4,5,4,4,5,5,5,3,5,5,4,4,2,5,5,5,2,4,2,5,5,2,5,5,2,5,5,5,5,5,5,4,5,4,4,5,5,5,5,5,4,3,5,5,5,4,3,4,5,4,5,5,5,4,4,3,4,4,5,4,3,3,5,5,4,5,5,4,5,4,5,5,5,4,4,5,5,5,5,5,5,4,4,5,,
029559,8f85ce2a91fda079c160d0dc363bf372,5,5,4,4,3,3,5,3,3,4,3,3,3,#N/A,#N/A,#N/A,#N/A,#N/A,#N/A,#N/A,#N/A,#N/A,#N/A,#N/A,#N/A,5,5,5,5,5,5,5,5,5,5,3,4,1,3,3,3,4,3,3,5,5,4,4,4,4,4,3,4,4,4,3,3,4,5,4,4,4,4,4,4,4,4,2,3,4,4,4,4,3,4,3,3,4,4,5,5,4,4,3,5,5,4,5,5,5,4,5,5,5,5,5,3,3,3,4,4,3,4,3,3,,
029563,c8a02605c79a7d3e646c68e9c9c8a5e5,5,3,3,5,5,5,5,5,5,3,5,5,2,5,4,5,5,5,5,5,5,5,1,1,1,5,3,5,5,3,5,3,3,1,5,3,4,4,2,3,4,3,4,5,5,5,5,5,5,5,5,5,5,5,5,5,5,5,5,3,5,3,5,5,2,2,2,2,3,4,3,4,4,5,3,3,5,5,5,5,5,2,4,5,3,3,1,4,5,5,5,5,5,5,5,5,5,5,5,5,5,5,5,5,5,,
029565,e2cee63b0e4676c8eba9ad56d1149ee5,5,3,2,4,3,3,3,5,5,5,5,4,4,3,3,5,3,3,3,4,4,4,3,3,4,5,4,5,5,5,3,4,4,2,2,2,3,4,3,3,2,3,5,4,4,3,4,3,3,4,4,4,4,3,3,4,4,3,5,3,4,4,4,3,2,2,2,2,4,#N/A,#N/A,#N/A,#N/A,#N/A,#N/A,#N/A,#N/A,#N/A,#N/A,#N/A,#N/A,#N/A,#N/A,#N/A,4,4,3,3,2,4,3,4,3,4,4,5,3,3,4,3,5,3,3,1,4,,
029583,b53719df260b8f58eea6f5f8aca75a24,4,4,3,3,3,4,4,4,4,4,4,4,4,4,4,4,4,4,4,3,3,4,3,4,3,4,3,4,3,3,3,3,3,2,4,3,4,2,3,2,3,3,2,4,4,4,4,4,3,3,4,4,4,4,4,2,2,3,4,3,3,3,3,3,3,3,3,3,3,4,4,4,4,4,4,4,4,4,3,3,3,3,4,4,4,4,4,4,3,3,4,4,4,4,4,4,4,3,4,4,4,3,3,3,3,,
029594,9ecf2556015c73226f8fccc172c3529f,3,3,4,3,2,4,3,4,3,4,3,3,3,4,4,4,5,3,4,3,5,4,2,2,3,5,4,5,4,4,4,3,2,3,3,4,3,2,4,3,3,4,2,4,5,4,3,4,3,3,4,4,3,3,4,4,3,3,4,4,3,3,3,4,3,3,2,2,3,3,3,4,3,4,2,2,2,3,3,5,4,2,3,3,4,4,3,3,3,2,2,3,4,3,4,5,3,3,3,3,3,4,3,3,3,,
029602,ea310eb0440d716097f00d467f572b85,5,5,4,4,2,4,4,5,4,4,4,4,5,5,5,5,4,4,4,3,4,4,4,4,5,5,5,5,5,3,2,2,3,4,5,4,4,4,4,2,3,5,2,5,5,5,4,4,4,4,4,4,4,4,4,4,4,4,4,4,4,4,4,4,3,4,3,3,3,4,4,3,5,5,5,5,4,5,3,5,4,4,5,3,4,5,4,3,5,5,4,5,5,5,5,4,3,3,3,3,4,4,4,3,3,,
029618,0a15e95da9b366123f108993e08549cf,3,3,2,3,1,4,4,5,5,5,1,3,1,5,3,4,5,5,5,4,5,5,4,4,3,5,5,5,5,5,5,5,5,5,5,3,3,4,4,3,5,4,3,5,5,5,5,5,5,4,4,4,5,5,5,5,5,5,5,4,4,4,4,5,3,3,4,3,3,5,5,3,5,5,3,5,4,4,5,4,5,5,5,5,5,5,5,5,4,5,3,5,5,5,5,5,3,3,5,3,5,2,2,2,1,,
029637,2f2d475ae63ef5753f5188ed77fce5d8,5,5,5,4,2,4,4,#N/A,#N/A,#N/A,#N/A,#N/A,#N/A,#N/A,#N/A,#N/A,#N/A,#N/A,#N/A,#N/A,#N/A,#N/A,#N/A,#N/A,#N/A,4,3,4,5,4,5,5,2,1,4,5,4,1,4,1,4,3,1,5,5,5,5,5,5,5,5,5,5,5,5,5,5,5,5,4,5,4,4,4,5,3,5,3,5,#N/A,#N/A,#N/A,#N/A,#N/A,#N/A,#N/A,#N/A,#N/A,#N/A,#N/A,#N/A,#N/A,#N/A,#N/A,4,5,5,4,3,5,4,1,3,5,2,3,2,2,3,3,3,4,5,4,4,,
029641,665e0d368aba9181782c832e6184060e,4,3,3,4,3,3,4,4,4,4,4,4,5,5,4,5,5,5,5,4,4,5,4,3,4,5,5,5,5,5,4,4,3,4,4,3,4,2,4,2,4,4,3,4,4,3,4,3,3,4,4,5,5,3,5,4,4,4,5,4,3,4,3,4,3,3,4,4,5,4,3,4,4,3,3,3,3,5,5,4,5,5,4,4,5,4,3,4,4,2,5,4,4,4,4,5,4,4,4,4,4,4,3,3,4,,
029647,3e98e499cd16db27bae187dce958305e,4,3,3,4,3,4,3,5,5,5,5,5,5,4,4,5,5,5,5,4,3,3,4,4,4,5,4,5,5,5,5,5,5,3,5,3,2,4,3,3,3,2,3,5,5,3,4,4,4,5,5,5,5,5,4,4,4,4,4,4,4,4,4,4,4,4,4,4,4,5,5,5,3,5,4,4,4,4,4,4,4,4,4,5,4,4,4,4,4,4,3,4,3,3,4,3,4,3,3,3,4,3,3,2,3,,
029654,4a00f7f25ea14b5e97d28bd6e415705f,5,5,5,5,5,5,5,5,5,5,5,5,5,5,5,5,5,5,5,5,5,5,5,5,5,5,5,5,5,5,5,5,5,5,5,5,5,1,5,1,5,5,1,5,5,5,5,5,5,5,5,5,5,5,5,5,5,5,5,5,5,5,5,5,5,5,5,5,5,5,5,5,5,5,5,5,5,5,5,5,5,5,5,5,5,5,5,5,5,3,3,5,5,5,5,5,5,5,5,5,5,4,5,2,5,,
029663,ae33e1182159b951c707e4984abb7a7f,4,3,3,2,1,3,3,4,4,3,4,4,4,4,3,3,4,4,4,4,4,4,3,3,3,5,5,5,4,4,3,3,3,2,4,4,4,3,3,3,3,3,2,3,4,4,4,4,4,4,4,3,4,4,4,4,3,4,3,3,4,3,3,4,3,3,3,3,3,4,4,4,3,4,3,3,4,3,4,4,3,3,3,4,5,5,5,5,5,5,5,5,4,5,5,5,5,5,3,3,4,3,3,3,3,,
029667,6e2445bd5a2795d59a607c7dee4b3833,5,4,4,5,4,4,5,4,4,4,5,5,5,4,4,4,5,5,5,3,3,4,5,5,5,4,5,5,4,3,3,4,4,3,4,4,5,4,5,3,3,4,3,5,5,5,4,4,4,3,4,3,4,3,4,3,4,3,3,4,4,4,4,4,5,5,4,4,5,5,4,5,5,5,4,5,4,3,3,3,4,2,3,5,3,5,4,3,4,5,4,4,5,5,5,5,4,5,4,4,4,4,4,4,4,,
029677,ea0cf722e6174f8b4dc535964056c7e4,4,3,3,4,3,4,4,3,3,4,2,2,2,3,2,2,4,4,2,2,3,3,3,2,2,5,5,5,5,5,5,5,4,5,5,2,2,4,2,4,2,2,4,5,5,5,4,4,4,4,4,4,5,5,4,4,4,4,4,4,4,4,4,5,4,4,4,4,4,4,3,3,3,3,3,3,3,3,3,3,3,3,3,3,4,5,4,5,4,5,4,5,5,5,4,4,4,3,3,3,4,3,3,3,4,,
029681,677731c64279213f74dd1c35a71b2386,4,4,4,4,4,4,4,#N/A,#N/A,#N/A,#N/A,#N/A,#N/A,#N/A,#N/A,#N/A,#N/A,#N/A,#N/A,#N/A,#N/A,#N/A,#N/A,#N/A,#N/A,5,3,4,4,3,4,4,4,4,4,2,2,2,2,1,4,4,2,4,4,4,3,4,4,4,4,4,4,4,4,4,4,4,4,3,3,3,4,5,4,3,3,3,3,#N/A,#N/A,#N/A,#N/A,#N/A,#N/A,#N/A,#N/A,#N/A,#N/A,#N/A,#N/A,#N/A,#N/A,#N/A,5,4,5,4,5,3,3,4,4,4,4,4,4,4,4,4,4,3,3,3,3,,
029685,f07eb3a583a36fdd02d94be128d07aa8,5,4,5,5,4,5,5,5,5,5,4,4,5,5,5,5,4,5,5,4,4,4,4,5,5,5,5,5,5,5,5,3,3,3,5,4,5,4,4,2,4,5,3,5,5,5,5,4,5,5,5,5,4,3,5,5,5,5,5,5,5,5,5,4,5,5,3,3,5,5,5,5,5,4,5,5,5,5,4,5,5,4,4,5,4,4,4,4,4,4,4,4,4,5,5,4,4,4,4,4,5,5,4,5,5,,
029694,8faeb8ea5882fb2e838e556b0c23206e,4,3,5,5,1,5,5,4,3,1,3,3,3,5,3,3,5,5,5,4,5,5,5,5,5,5,3,5,5,5,5,5,5,2,5,4,4,3,4,1,3,5,2,5,5,1,5,5,3,5,3,5,5,5,5,1,5,5,5,5,5,5,5,3,3,5,5,3,5,5,1,5,5,5,3,3,3,5,5,5,5,3,5,5,5,5,5,3,5,5,5,5,5,5,5,5,3,5,5,5,5,3,2,3,1,,
029703,562c65b03a03b4cd5cf75d6a43944412,1,5,1,1,1,1,1,5,5,5,5,5,5,1,1,3,1,3,3,3,4,4,4,4,4,5,5,5,3,2,5,2,1,1,5,5,4,2,5,5,3,3,5,5,5,5,5,4,1,1,1,5,5,5,5,1,1,5,5,5,5,5,5,5,5,5,5,5,5,4,4,4,5,5,5,1,1,5,5,5,5,5,5,5,5,5,4,5,5,5,5,5,5,5,5,1,1,1,1,5,1,1,1,5,1,,
029191,d00fcae3e3922bbb3eebb511a5e934e0,4,3,3,3,2,3,3,2,2,2,2,2,1,4,4,4,4,4,4,4,4,4,4,3,3,#N/A,#N/A,#N/A,#N/A,#N/A,#N/A,#N/A,#N/A,#N/A,#N/A,3,3,4,3,2,4,3,3,4,4,4,3,3,3,3,2,4,3,4,4,3,3,3,5,4,3,2,4,4,3,3,3,3,2,3,3,4,4,4,4,4,4,4,4,4,4,4,4,4,3,4,4,4,3,4,4,4,4,4,4,3,4,3,3,3,3,3,3,4,2,,
029199,32b29285db0405e2f8bd59d94ada5f4f,5,5,4,5,4,5,5,5,5,5,5,5,5,5,5,5,4,4,4,5,5,5,5,5,4,5,5,5,5,5,5,5,5,5,5,4,5,2,5,1,4,4,1,5,5,5,5,5,5,5,5,5,5,5,5,5,5,5,5,5,4,5,4,5,5,5,5,5,5,5,5,5,5,5,5,5,5,5,5,5,5,5,5,5,5,5,4,4,5,4,5,5,5,5,5,5,5,5,5,5,5,5,5,5,5,,
029226,10b095be4b393f610859530c13f7189b,5,4,5,4,3,5,4,5,5,5,4,4,5,5,5,5,5,5,5,4,4,4,4,3,4,3,4,5,5,4,5,5,3,4,5,4,4,2,4,2,3,4,2,5,5,5,5,3,4,4,3,5,4,5,5,4,5,3,4,4,4,4,3,5,3,3,4,3,4,5,5,5,5,5,4,3,3,5,4,3,2,3,4,4,5,4,5,5,4,4,4,4,4,4,5,5,5,4,5,4,4,4,4,5,4,,
029250,5f6c3e661202b37b611e0cde740d25e2,5,5,5,4,4,5,5,3,3,4,4,4,3,5,5,5,5,5,5,5,5,5,4,4,5,5,5,5,5,5,5,5,5,5,5,4,5,2,4,2,4,5,1,5,5,5,5,5,5,5,5,5,5,5,5,5,5,5,5,5,5,5,5,5,5,5,5,5,5,5,5,5,5,4,5,4,3,4,5,4,4,3,5,5,5,5,5,5,5,5,5,5,5,5,5,5,4,3,3,4,4,3,4,5,5,,
029256,94744b1aac80f29abd0a0a084be89afd,4,3,3,3,1,2,4,4,3,2,3,3,2,4,4,4,5,3,5,3,3,4,4,4,5,5,5,4,4,3,3,4,4,2,2,3,4,3,3,4,3,3,4,3,5,3,2,3,2,2,3,1,5,4,5,3,1,3,5,3,3,3,3,5,4,2,3,1,2,5,4,4,3,4,2,2,2,2,4,1,1,1,2,3,4,4,3,2,4,4,2,4,5,3,4,3,3,3,3,4,4,3,2,5,2,,
029278,7a5f1da749031e17d196170f0e59fbdb,4,4,5,5,4,5,5,5,4,4,3,4,4,5,5,5,5,5,4,4,5,5,5,5,5,5,4,4,5,4,4,5,4,5,4,4,5,2,4,1,5,4,1,5,5,4,4,4,4,5,5,4,4,4,4,5,5,5,5,4,4,4,4,4,5,5,4,4,4,4,4,4,4,4,4,4,4,4,4,4,4,3,5,4,5,5,5,4,4,4,3,4,5,5,5,4,4,4,4,4,5,4,4,4,4,,
029280,a16bc7ef3e368d3395d69a512554457a,3,4,3,4,3,4,4,4,4,4,4,5,4,4,3,4,4,4,3,4,4,4,4,4,4,5,5,5,4,5,4,4,4,3,4,4,4,3,4,2,3,3,2,4,4,4,4,4,3,3,4,3,4,5,4,3,4,5,4,4,3,3,3,4,4,3,3,3,4,4,4,4,5,4,4,3,3,4,4,3,4,3,4,5,4,4,3,4,3,5,4,4,4,3,4,4,3,4,3,4,4,4,4,4,5,,
029282,bf1830b97d31d609a57fcf23cd2e1f00,5,5,4,5,5,5,5,5,5,5,5,5,5,4,4,4,4,4,4,4,4,4,4,4,4,5,5,5,5,5,5,5,5,5,5,4,4,2,4,2,4,4,2,5,5,5,5,5,5,4,5,4,5,5,5,5,5,5,5,5,5,5,5,5,5,5,4,5,5,5,5,5,5,5,5,5,5,5,5,5,5,5,5,4,4,5,4,5,4,4,4,5,5,5,5,5,5,5,5,5,5,5,5,3,5,,
029293,49e0d0c9ceeb70edaa58379ff6e09069,#N/A,#N/A,#N/A,#N/A,#N/A,#N/A,#N/A,3,3,4,2,2,2,4,4,5,5,5,4,4,5,5,5,5,4,5,5,5,5,5,5,5,5,3,3,4,4,2,4,4,4,4,2,5,5,1,5,4,4,3,4,3,4,4,5,4,3,4,4,3,3,4,5,5,4,4,3,3,2,4,3,4,5,5,5,3,4,4,5,4,1,3,5,5,5,5,4,4,5,5,5,5,5,5,5,3,4,3,3,3,3,3,4,3,5,,
029296,2b0c07a877e31784c282ddc4a7225043,4,3,4,2,2,3,3,4,3,3,3,4,4,3,4,3,5,4,5,4,4,4,4,4,4,4,4,5,4,5,2,4,3,2,4,3,3,4,4,2,3,4,2,4,5,3,4,3,3,4,4,3,4,5,4,4,4,3,4,4,4,4,4,3,4,3,4,4,3,4,4,4,4,4,3,4,3,4,4,3,4,3,4,5,4,3,4,4,2,4,4,4,4,5,4,4,2,3,3,3,3,3,3,2,3,,
029317,583e625222994811d9d2507a56b7b113,5,4,5,5,4,4,4,5,5,4,4,2,3,3,3,3,4,5,5,4,5,4,3,3,3,5,5,5,5,5,4,5,4,3,4,5,4,3,4,4,4,5,3,4,5,3,4,5,3,3,4,3,4,4,5,3,3,3,4,4,5,4,4,4,3,2,2,2,4,4,4,3,3,3,2,3,3,3,3,4,2,2,4,4,5,5,4,4,4,5,3,4,4,4,5,5,4,4,5,4,4,4,5,4,5,,
029330,f94eb46b6525617f6003cbb47704b970,3,3,4,5,4,5,4,2,2,2,2,2,2,3,3,5,5,5,5,5,5,5,5,5,5,5,4,5,5,4,5,5,5,2,5,5,5,2,5,2,4,5,2,4,4,5,3,4,4,4,5,3,5,4,4,3,4,4,5,4,4,4,5,4,4,4,4,4,3,3,4,5,4,5,3,2,3,5,5,3,5,5,5,5,5,5,5,4,5,5,5,5,5,5,5,4,4,4,4,4,4,5,5,4,5,,
029335,95aa90af51d41a3b670ca1b264137d14,#N/A,#N/A,#N/A,#N/A,#N/A,#N/A,#N/A,5,3,3,2,2,1,5,5,5,5,5,5,4,5,5,5,5,5,4,5,5,5,3,5,4,3,4,5,#N/A,#N/A,#N/A,#N/A,#N/A,#N/A,#N/A,#N/A,3,4,3,5,1,1,4,4,4,4,4,4,3,3,3,2,2,2,3,2,4,4,4,1,1,4,5,4,5,3,4,4,3,4,5,5,3,3,1,3,5,3,4,4,3,3,4,2,4,4,5,2,5,1,5,5,5,5,5,3,3,2,,
029336,9eaef12936b4003b8d53d53e80d12226,3,3,3,2,1,4,3,4,3,3,4,3,4,3,2,3,4,4,4,3,4,3,4,2,2,5,4,5,5,5,4,3,3,3,5,3,4,4,3,4,2,2,4,4,4,3,4,5,3,4,5,4,4,5,4,3,3,4,3,4,4,3,2,4,3,4,3,3,4,4,3,4,4,4,4,3,3,4,4,4,3,3,4,4,5,4,4,5,4,5,4,5,5,5,5,3,2,2,2,3,4,2,2,2,2,,
029389,c97e31c3a58909fc08ba85f5ddd2df28,5,4,5,4,3,4,4,4,4,4,4,4,3,3,4,3,4,4,4,4,4,4,3,1,1,5,5,4,4,4,4,4,4,5,5,4,5,1,5,2,5,5,2,4,4,5,5,4,3,4,5,3,4,5,3,5,5,5,5,4,4,4,5,4,4,4,3,3,3,4,4,5,4,4,4,1,2,4,4,4,3,2,4,4,4,4,3,3,4,4,4,4,4,4,4,2,3,2,3,3,2,2,4,1,2,,
029390,dcc553484438e2b7c1151b7d8c6c2e84,4,4,4,4,3,4,4,4,4,4,3,3,3,3,3,3,3,3,3,3,4,4,3,3,3,5,5,5,5,5,4,4,4,5,5,3,3,3,3,2,3,3,2,4,3,3,4,3,3,3,3,4,3,4,3,3,3,3,4,3,3,3,3,3,2,3,3,3,3,4,4,4,4,5,4,4,4,3,4,4,4,3,3,4,3,4,4,4,4,5,4,4,5,5,5,3,3,3,3,2,3,4,4,4,4,,
029397,bb978c8824ff8ff6575ece1397712eca,4,2,3,2,2,2,3,3,3,3,3,3,3,3,2,2,4,4,4,3,4,4,4,4,4,5,5,5,5,5,5,5,5,5,5,3,3,2,3,3,4,3,3,3,3,3,3,3,3,3,3,3,3,3,3,3,3,3,3,3,3,3,3,4,3,3,3,3,3,4,3,4,2,4,4,3,3,4,4,4,4,4,4,4,4,5,4,3,3,5,4,4,5,4,5,3,2,3,3,3,3,1,3,3,3,,
029405,3c71ed18da1a558aca29441e6f0adaf1,4,4,4,4,4,4,4,4,4,4,4,4,4,#N/A,#N/A,#N/A,#N/A,#N/A,#N/A,#N/A,#N/A,#N/A,#N/A,#N/A,#N/A,5,5,5,5,5,5,5,3,4,5,4,4,2,4,2,4,4,4,4,4,2,3,4,4,5,4,5,4,4,4,5,5,5,5,5,5,5,3,5,5,5,3,5,5,5,5,5,4,4,4,1,1,1,1,4,4,4,4,3,4,4,4,4,4,4,4,4,4,4,4,4,4,4,4,4,4,4,4,4,4,,
029428,169249155e135c2d34ebcc0568fe27bb,#N/A,#N/A,#N/A,#N/A,#N/A,#N/A,#N/A,#N/A,#N/A,#N/A,#N/A,#N/A,#N/A,4,4,3,5,4,3,3,5,5,3,3,2,5,5,5,5,3,3,5,3,3,3,1,3,2,3,2,4,3,2,5,5,2,5,5,2,3,3,4,3,5,5,3,5,3,5,3,3,3,3,4,2,2,2,3,2,3,3,3,3,4,3,2,3,3,3,3,3,3,3,3,4,4,4,5,2,4,3,5,5,5,5,4,3,3,3,3,4,3,3,2,2,,
029451,888c3a869723224296123eca10387249,5,3,3,5,1,3,5,3,3,2,4,2,1,3,3,3,5,5,5,3,5,5,5,5,5,5,5,5,5,5,3,5,2,3,2,3,3,1,3,3,3,3,4,3,5,4,4,5,3,5,3,5,5,5,5,3,2,4,5,3,4,4,3,5,5,4,5,3,5,3,3,5,2,5,2,2,1,3,3,5,3,5,5,5,5,5,3,5,3,1,5,5,5,5,5,5,3,2,3,4,5,3,2,1,3,,
029478,2e3d80036f42b61a4fa558c290a53b35,3,4,4,4,5,5,5,5,5,5,5,5,5,#N/A,#N/A,#N/A,#N/A,#N/A,#N/A,#N/A,#N/A,#N/A,#N/A,#N/A,#N/A,4,4,4,4,4,4,2,4,4,4,2,2,4,2,4,4,2,4,3,4,3,4,4,4,5,4,4,4,3,4,4,2,2,4,3,3,4,2,4,2,4,2,2,4,3,2,4,2,4,4,2,2,4,4,4,2,1,1,2,4,5,4,4,4,4,4,4,4,5,4,1,1,1,1,1,1,3,3,3,3,,
029489,312389b2d720e7880340d93969aff0eb,3,3,3,3,1,2,4,5,5,4,4,4,4,3,3,4,4,4,3,4,3,4,4,3,3,5,4,4,3,5,5,4,3,3,5,2,2,5,3,3,2,2,5,3,5,4,4,3,3,3,3,4,3,5,4,3,3,4,5,3,3,3,3,4,4,3,3,4,3,3,3,3,2,5,2,2,3,3,3,3,2,2,2,4,4,3,2,5,2,5,3,3,4,4,3,3,3,3,3,3,3,3,2,2,2,,
029492,cf3d5fc4855326c1202e6339d7ed8ab2,5,4,4,3,3,4,5,4,3,3,5,4,4,4,4,4,5,5,5,4,5,5,4,3,4,5,5,5,5,4,4,4,5,5,5,5,4,2,4,2,4,4,2,4,5,2,5,5,5,5,5,5,4,5,5,4,4,5,5,4,5,5,5,4,5,5,5,5,4,4,5,4,4,4,5,3,4,3,4,4,5,4,5,5,5,5,5,5,4,5,4,4,5,4,5,5,4,5,4,5,4,4,4,5,4,,
029497,fca19b9dfbc31b6b4bf525a0b30b91dd,4,5,4,4,2,4,4,5,4,4,4,3,4,3,3,3,4,4,4,3,3,4,3,3,3,5,3,4,3,4,3,3,3,3,4,4,4,2,3,3,3,3,2,4,5,4,3,4,4,4,4,3,4,4,4,4,4,4,4,4,4,3,4,4,4,4,4,3,3,4,3,4,4,4,3,3,4,4,4,3,4,4,4,4,4,4,3,4,4,4,4,4,4,4,4,4,4,4,4,4,4,4,4,3,3,,
029512,4c73c64bf1df503258a404bf7d9a8528,4,4,2,4,2,3,3,3,3,3,4,4,4,3,3,3,3,3,3,3,3,3,3,3,3,4,3,5,4,3,4,4,4,4,4,3,4,3,4,3,3,3,4,4,4,3,3,4,4,3,3,4,3,4,4,3,3,3,4,4,3,2,3,3,3,3,4,3,2,3,3,3,3,4,3,4,2,2,3,4,2,2,3,4,#N/A,#N/A,#N/A,#N/A,#N/A,#N/A,#N/A,#N/A,#N/A,#N/A,#N/A,3,3,2,2,3,3,3,3,4,3,,
029526,3c516c3ecdec02bbec0926ce96726efe,3,2,3,3,2,3,3,4,3,3,3,3,2,5,4,4,4,4,4,3,3,4,4,4,4,4,4,4,4,4,4,4,3,2,3,3,4,3,3,3,2,4,2,3,3,2,4,4,3,4,3,4,3,3,4,3,3,3,4,2,2,2,3,3,2,2,2,2,3,4,3,4,4,4,4,4,4,3,3,4,3,3,4,4,4,4,3,4,4,4,4,4,4,4,4,4,3,3,4,3,4,3,4,4,2,,
029541,c2cdf55dab7a8de5d9740a8fd309e8b1,3,3,3,2,2,3,3,4,4,4,4,4,4,3,3,3,2,3,3,3,2,3,3,3,3,4,3,4,4,4,3,3,3,4,4,4,4,3,3,2,3,3,3,3,4,3,3,3,3,3,3,3,3,3,3,4,4,3,3,3,3,3,3,3,2,2,2,2,2,3,3,3,4,4,3,3,3,3,4,3,4,3,4,4,3,4,4,4,3,4,4,3,4,3,4,4,4,3,3,3,3,3,3,3,3,,
029555,b1e92f08353a48584182fab4d8f99926,5,5,4,5,3,4,5,4,4,4,2,2,1,4,4,4,3,4,4,4,4,4,5,3,3,5,4,5,5,4,5,5,5,5,5,4,5,2,5,1,4,5,1,5,4,4,4,4,5,4,5,4,5,5,5,4,4,4,4,3,5,3,3,4,3,3,3,3,3,3,4,3,4,5,4,2,2,3,2,4,4,3,5,4,5,5,3,5,4,5,5,5,5,5,5,3,3,3,3,3,3,3,3,3,3,,
029573,26262c8aa64fcc55a70c59d9d806f15b,#N/A,#N/A,#N/A,#N/A,#N/A,#N/A,#N/A,4,5,5,4,4,4,5,5,4,4,4,3,4,4,4,4,4,4,4,4,4,3,4,5,5,4,4,4,#N/A,#N/A,#N/A,#N/A,#N/A,#N/A,#N/A,#N/A,4,5,5,5,5,3,4,4,4,4,4,4,5,5,4,4,5,4,5,4,5,4,5,5,3,3,5,5,4,5,4,4,4,4,4,3,5,4,5,3,3,3,4,4,3,3,4,4,5,3,4,5,4,2,3,3,3,4,3,4,4,3,,
029587,88bc93fd303db356b0b39ad990c50fdf,4,4,4,4,4,4,4,3,3,3,3,3,2,2,2,3,2,2,4,4,3,3,3,3,2,5,3,4,4,3,5,5,4,5,5,3,3,3,3,3,3,3,3,3,5,2,2,4,4,4,4,4,3,3,3,3,3,3,3,3,3,3,3,4,4,3,3,3,3,4,4,4,3,4,3,1,2,3,3,4,4,3,3,5,3,5,4,4,3,4,2,3,4,4,3,3,5,2,2,3,2,2,4,3,4,,
029589,ab319420085132c23bac1617cad715ff,5,3,3,4,3,5,5,5,5,5,5,5,4,4,4,4,5,5,5,4,5,5,4,4,5,5,5,5,5,5,5,5,5,5,5,3,5,2,4,5,4,4,4,5,5,5,5,5,3,3,5,5,4,4,4,4,5,5,5,5,4,3,5,5,3,4,5,5,4,5,5,5,4,4,4,4,5,5,5,5,4,5,4,5,5,4,4,4,3,4,2,4,2,2,4,5,5,3,3,3,3,4,5,2,5,,
029595,92e7533c0e97dc6c37fd8e8e22be8d70,4,2,2,3,2,2,3,3,3,3,4,2,4,2,2,3,2,3,3,3,3,3,3,4,4,5,5,5,5,5,5,5,5,5,5,3,3,2,3,2,3,3,4,3,5,4,4,3,3,3,4,3,4,4,4,2,3,4,4,2,2,3,4,4,4,4,4,4,4,4,3,4,4,4,4,3,4,4,4,3,3,4,3,3,4,3,3,3,3,4,3,4,4,4,4,2,2,2,2,3,2,2,2,4,2,,
029605,4281626a70e398b466eb053992d4fc19,4,4,4,4,4,4,4,#N/A,#N/A,#N/A,#N/A,#N/A,#N/A,3,4,3,3,4,3,3,3,3,3,3,3,5,4,4,4,4,4,4,4,4,4,4,4,3,4,3,3,3,3,3,4,3,3,4,4,3,4,4,4,3,4,4,3,3,5,3,3,3,2,3,3,3,3,3,3,4,4,3,3,4,3,3,3,3,3,3,3,3,3,3,4,3,4,4,4,4,4,4,3,3,4,3,3,3,3,4,3,3,3,4,3,,
029639,89504ad6783521442b7c15d71b50afa2,5,3,5,5,1,3,4,5,5,5,3,3,3,3,3,3,5,5,4,5,5,5,5,4,4,5,5,5,5,5,5,5,5,5,5,5,5,1,5,1,5,5,1,3,5,5,4,5,5,5,5,3,5,5,5,5,5,3,5,5,5,5,5,3,4,3,4,5,4,3,3,5,3,5,5,5,5,5,5,5,3,3,5,3,5,5,3,4,5,3,5,5,5,5,5,5,1,3,4,4,4,3,4,5,3,,
029648,8d3d5000bb4141d645f307b3f555900e,4,3,4,4,3,5,5,3,3,3,4,4,3,4,4,4,3,5,4,4,5,4,5,3,3,5,3,5,4,5,5,4,5,4,5,4,3,4,3,3,4,3,3,4,4,3,4,4,5,4,5,4,4,3,4,4,5,5,4,3,4,3,5,4,3,4,3,3,3,4,4,4,4,4,4,3,4,4,4,3,4,4,4,4,4,4,2,4,3,3,3,3,3,4,4,4,5,4,3,4,4,5,5,4,4,,
029657,4e872d560434f34f7bc7a606269ea8e8,4,3,3,4,3,4,3,4,4,4,2,3,3,4,3,5,4,3,4,3,3,3,4,3,3,5,4,5,4,1,4,4,3,5,5,2,3,5,3,3,3,3,4,3,4,2,3,3,3,3,3,3,3,4,4,2,2,3,3,4,4,3,3,4,3,3,4,3,3,3,3,4,3,4,1,3,3,3,3,4,3,1,2,4,3,3,4,3,3,3,3,4,3,4,4,3,2,2,3,3,4,3,3,3,3,,
029662,e2da4535f976e90a39a1552f0e39567f,4,4,4,5,3,4,4,3,3,3,4,4,2,4,3,4,4,4,4,3,4,4,4,4,4,5,4,4,4,4,4,3,4,3,4,3,4,3,4,3,3,4,3,4,5,3,4,4,4,3,4,4,4,4,4,4,4,4,4,4,3,3,4,4,4,4,3,3,3,3,3,4,3,4,4,3,4,4,4,5,4,3,4,4,4,4,4,4,3,3,4,4,4,4,4,3,3,3,3,3,3,4,4,4,3,,
029670,bd9328c41ef2442be36dda2a635661f3,4,3,4,4,3,3,4,5,4,3,4,4,3,3,3,3,4,4,4,4,3,3,4,4,4,4,4,4,4,4,5,3,3,4,4,3,3,4,3,3,2,2,3,4,4,3,5,4,5,5,5,5,5,5,5,3,3,4,4,4,4,4,4,4,4,4,4,4,4,4,4,4,4,4,4,4,4,4,4,4,4,4,3,4,4,4,5,4,4,4,3,5,4,4,5,5,4,4,4,4,4,3,4,3,4,,
029687,2797ad85a60d39f0d3549b1c74ac2a16,4,4,4,2,2,2,3,4,3,3,5,3,2,3,3,3,4,4,4,4,4,4,4,2,2,5,5,5,5,5,4,5,4,5,5,3,3,3,4,2,3,3,3,2,5,5,3,4,4,3,4,2,4,4,4,2,2,4,4,2,2,2,4,4,2,3,2,3,4,4,4,4,3,4,2,3,2,2,2,4,3,1,2,4,4,4,4,4,4,4,3,4,4,4,4,3,2,2,2,2,2,2,2,3,1,,
029692,b6ee20d6e02cb4526cfc05fb844792b0,5,3,3,4,2,5,5,5,5,5,5,4,3,#N/A,#N/A,#N/A,#N/A,#N/A,#N/A,#N/A,#N/A,#N/A,#N/A,#N/A,#N/A,#N/A,#N/A,#N/A,#N/A,#N/A,#N/A,#N/A,#N/A,#N/A,#N/A,#N/A,#N/A,#N/A,#N/A,#N/A,#N/A,#N/A,#N/A,5,5,5,5,5,4,5,5,3,4,5,5,5,5,5,4,5,5,5,5,5,5,5,4,4,5,5,5,5,5,5,5,5,5,5,5,5,5,3,3,4,5,5,5,5,5,3,3,4,4,5,4,5,3,4,5,5,5,3,3,2,4,,
029207,dcc54b25918d80a1ef0bae8bf839bf72,4,4,4,3,4,4,4,5,5,5,4,4,5,5,4,4,5,5,5,4,4,5,4,3,3,5,4,4,3,4,4,5,4,5,5,3,4,3,3,2,3,4,2,4,3,4,4,3,3,3,3,4,4,4,4,4,4,4,4,4,4,4,4,4,4,4,4,4,4,4,3,4,4,4,4,4,4,4,4,4,3,4,4,4,4,3,4,4,4,4,3,4,2,4,4,4,5,4,4,4,5,4,4,4,4,,
029186,22c1cfa73be4a6689ea59c60d7abb042,#N/A,#N/A,#N/A,#N/A,#N/A,#N/A,#N/A,4,4,4,5,3,1,3,3,4,3,3,3,4,5,5,4,3,3,5,5,5,5,3,5,5,5,4,5,#N/A,#N/A,#N/A,#N/A,#N/A,#N/A,#N/A,#N/A,3,4,3,5,5,4,4,3,3,5,3,5,4,4,4,3,3,3,3,3,3,3,3,4,4,3,3,3,4,3,3,3,3,3,3,4,3,3,4,4,3,5,5,5,5,5,5,2,5,5,5,5,5,5,3,3,3,4,2,1,1,1,,
029193,84457ac79a86f50f601457f4269b50fc,5,4,4,3,2,3,4,2,2,2,2,2,2,3,3,3,3,3,3,4,4,4,5,2,3,5,5,5,5,5,5,3,2,5,5,4,4,4,4,2,3,3,2,5,5,4,4,4,5,4,4,4,4,4,4,4,5,4,4,4,5,4,4,4,5,5,4,4,4,4,3,4,4,4,4,4,3,4,4,4,4,4,4,4,4,4,4,4,4,3,3,3,4,4,4,4,5,3,4,3,4,3,3,3,3,,
029200,83af51cd995d97cf6cbfe9d5d34936bb,4,3,4,3,2,4,3,4,4,4,4,4,4,3,3,4,3,3,4,3,4,4,4,3,3,4,4,5,5,5,5,4,4,3,5,4,4,2,4,3,4,4,2,4,4,4,4,4,4,4,4,4,3,4,4,3,4,4,4,4,4,4,3,4,3,4,4,3,4,4,4,4,3,5,4,3,2,4,4,4,2,2,2,4,4,4,4,4,4,4,4,4,4,4,4,4,4,3,3,4,4,3,3,2,4,,
029208,16ed59463b0ee6e9501f881648b897d9,4,3,3,5,3,4,4,4,4,3,5,5,4,5,5,5,5,5,5,5,5,5,5,3,3,5,5,5,5,5,5,5,5,5,5,5,5,2,5,1,5,5,1,5,5,1,5,4,4,5,4,5,5,5,5,4,4,5,4,5,5,5,4,4,5,4,4,5,4,4,3,4,5,4,4,4,5,5,5,5,5,3,5,5,5,4,2,2,5,5,5,5,5,5,5,4,4,4,4,4,4,4,4,3,3,,
029214,4565dc2233951adbd80230afdb7f9c85,4,3,5,3,2,4,3,4,3,4,5,4,3,4,4,4,4,4,4,4,4,4,4,4,3,4,3,4,4,4,4,4,4,4,4,4,5,3,3,3,4,4,4,5,5,3,4,4,4,4,4,4,4,5,4,3,4,4,4,4,4,4,3,4,2,2,2,1,3,4,4,4,5,5,4,2,3,4,2,4,4,5,4,4,5,4,3,4,2,4,4,4,5,4,5,3,4,3,4,4,4,4,2,3,4,,
029227,6f12d6097bb73a292f114fac986cabd7,5,4,4,4,4,4,5,5,3,4,3,2,3,5,5,5,4,4,4,4,5,5,5,5,4,4,5,5,5,3,5,5,5,2,5,#N/A,#N/A,#N/A,#N/A,#N/A,#N/A,#N/A,#N/A,5,5,4,5,4,4,5,5,5,3,5,4,4,4,4,4,5,4,5,5,5,5,4,4,3,4,4,4,5,5,5,4,5,5,4,5,5,5,5,5,5,5,4,3,4,5,5,4,4,5,4,4,5,4,4,5,4,5,4,5,2,3,,
029230,872f41807174e3c01e39f14e5278558d,4,3,3,4,2,3,3,3,4,4,3,3,3,3,3,3,4,4,4,4,4,4,3,3,3,4,4,4,4,4,4,4,3,3,3,3,3,3,4,3,4,4,2,4,4,4,4,4,4,4,4,4,4,4,4,4,4,4,4,4,4,4,4,4,4,4,4,4,4,4,4,4,4,4,4,4,4,4,4,4,4,4,4,4,4,4,4,4,4,4,4,4,4,4,4,4,4,2,3,3,3,4,4,4,3,,
029252,dfd9d21b9cb432e1b54cbb74c903301e,3,2,2,3,2,3,3,3,3,3,4,3,3,3,4,3,5,5,5,4,3,3,4,4,4,4,4,4,4,1,3,4,3,5,5,4,5,3,4,4,4,4,2,3,5,5,4,3,3,3,4,2,4,4,4,2,3,3,3,3,4,5,3,4,5,5,5,4,5,4,4,5,4,4,3,4,3,3,3,3,4,4,4,4,4,5,2,3,4,4,4,4,4,4,4,3,3,2,3,4,4,2,3,4,3,,
029263,6b20f72c67f0999c1d21a15858c0f3eb,4,4,3,4,3,4,5,5,5,5,4,4,3,5,5,5,5,5,5,5,5,5,5,5,5,5,5,5,5,5,5,5,5,5,5,5,5,2,5,2,5,5,3,5,5,5,5,5,5,5,5,5,5,5,5,5,5,5,5,5,5,5,5,5,5,5,4,5,5,5,5,5,5,5,5,5,5,5,5,5,5,5,5,5,4,5,4,5,5,5,4,5,5,5,5,5,3,3,4,5,5,3,4,4,3,,
029273,91c2f5637eb81075b253319aafeebb6f,5,5,5,5,5,5,5,5,5,5,5,5,5,4,4,4,5,5,5,4,5,5,5,5,5,5,5,5,5,5,5,5,5,2,5,5,4,1,5,1,4,4,1,5,5,2,5,5,5,5,5,5,5,5,5,5,5,5,5,4,5,5,5,5,4,5,4,4,5,5,5,5,5,3,5,5,5,5,5,5,5,5,5,3,5,4,3,4,5,4,4,5,5,5,5,5,4,5,5,5,5,5,5,5,5,,
029310,e39ae57267e059bf87b056653147ffde,5,3,3,4,1,4,3,3,3,3,4,1,2,4,4,3,1,2,5,5,5,5,4,4,4,5,4,5,5,5,3,2,2,5,5,5,5,2,5,5,4,4,2,5,5,3,4,3,4,3,5,3,5,5,5,3,2,5,4,3,3,5,3,4,1,3,2,2,5,5,4,5,2,5,5,4,5,5,5,3,2,3,4,2,5,5,2,5,4,3,5,5,4,5,5,3,2,4,3,3,5,1,3,4,3,,
029353,053f0be40ea72b65fd2e981717a32ee8,4,3,4,4,3,4,3,4,4,3,4,4,3,5,5,5,5,5,5,5,5,5,5,5,5,4,4,4,4,4,4,4,4,4,4,3,4,3,4,2,4,3,2,4,3,4,4,4,3,4,3,4,3,4,3,4,3,4,4,3,4,4,4,4,4,3,4,4,3,4,4,3,4,4,3,4,5,4,4,5,4,4,4,4,5,5,3,3,4,4,4,4,3,4,4,4,3,3,4,4,4,4,3,3,3,,
029371,89d861dee97af4f9ce9470291f867b22,5,2,3,2,2,3,3,3,3,4,4,4,3,3,3,3,2,4,3,4,4,4,4,1,4,4,3,4,4,3,3,3,2,4,4,3,5,3,4,2,4,4,2,4,4,4,4,4,4,4,4,4,4,3,3,4,4,4,4,4,4,3,4,4,2,2,2,2,2,3,2,3,3,2,4,2,2,5,5,2,4,2,4,2,4,4,3,3,4,3,3,5,5,4,5,3,3,3,3,3,3,3,2,4,4,,
029373,6a6733050a290e0e5ae763d1c2ade6d3,4,3,4,4,4,3,2,3,3,3,3,2,2,3,3,4,2,2,2,4,3,3,3,3,3,4,4,5,5,3,5,4,2,3,3,3,4,4,3,4,3,3,5,3,3,4,3,3,3,3,3,3,3,3,3,3,2,3,3,3,3,3,3,3,3,3,3,3,2,2,2,3,3,4,3,2,3,3,3,3,3,3,3,3,3,3,3,3,3,3,3,3,3,3,3,4,2,1,2,3,3,3,3,3,4,,
029415,536c81ce29f75606879373ab7550e398,2,4,2,4,2,4,3,4,3,5,2,4,2,2,2,3,4,3,3,4,3,4,2,2,2,5,4,5,5,3,5,4,5,4,5,4,4,3,5,3,2,2,4,4,4,5,3,4,5,4,4,4,4,3,4,4,4,5,4,4,3,2,3,4,3,4,4,4,3,3,4,5,3,4,4,4,5,4,5,4,3,2,4,5,4,5,5,3,5,5,5,5,5,4,5,4,5,5,4,5,5,3,5,4,2,,
029443,a63fcc006f1869d10d370d6dda1a424a,3,3,2,3,3,4,3,3,3,4,4,4,4,4,4,4,4,5,4,4,4,5,4,4,4,5,2,4,4,4,4,4,4,4,5,#N/A,#N/A,#N/A,#N/A,#N/A,#N/A,#N/A,#N/A,3,4,4,3,3,4,4,4,4,4,3,4,4,4,4,4,4,4,3,4,4,4,4,3,3,3,3,4,4,4,3,4,4,3,4,4,4,4,3,4,4,#N/A,#N/A,#N/A,#N/A,#N/A,#N/A,#N/A,#N/A,#N/A,#N/A,#N/A,4,4,5,4,4,4,4,4,4,4,,
029471,fbb47cdb0faee7c688ad11a6795e5cd3,5,4,5,4,4,5,5,5,5,5,5,5,4,5,5,5,5,5,5,5,5,5,5,4,4,5,4,5,5,4,4,5,4,4,4,5,4,2,5,1,5,4,2,5,5,5,5,5,5,4,4,5,5,5,5,4,4,5,4,4,5,5,5,5,4,4,4,4,4,5,4,5,4,5,5,4,5,4,5,5,5,3,5,5,5,5,4,4,5,4,5,5,5,5,5,5,4,5,5,5,5,5,5,4,5,,
029515,52a82575a0c37da4a4a45c58d470ccad,4,4,4,3,3,2,2,3,4,3,3,3,4,3,4,3,2,2,4,4,4,4,3,2,2,4,4,5,5,4,5,3,3,5,5,5,4,2,5,1,5,5,3,3,3,3,5,5,4,3,4,3,5,4,5,3,2,2,5,4,4,4,4,4,4,4,4,4,4,#N/A,#N/A,#N/A,#N/A,#N/A,#N/A,#N/A,#N/A,#N/A,#N/A,#N/A,#N/A,#N/A,#N/A,#N/A,3,3,2,4,4,5,5,5,5,5,5,3,3,3,3,3,5,5,2,3,2,,
029520,540f38fd52b2f494b1e6c3e5284fc9bf,4,3,3,3,2,2,4,4,4,4,4,4,4,3,3,3,3,3,3,3,3,3,3,3,3,3,3,3,3,3,3,3,3,3,3,4,4,2,3,2,2,4,2,3,3,4,2,3,3,3,3,3,3,3,3,3,3,3,4,3,3,3,3,3,3,3,3,3,3,3,3,3,3,3,3,3,3,3,3,3,3,3,3,3,3,4,4,3,4,3,3,4,3,4,4,3,3,3,3,2,3,3,3,3,2,,
029536,3eb251c7daa2ee4a87ba875da4fb8fe6,#N/A,#N/A,#N/A,#N/A,#N/A,#N/A,#N/A,3,3,3,3,3,3,3,3,3,4,4,4,4,3,4,3,2,2,4,4,4,4,4,5,5,4,4,5,3,3,3,3,3,3,3,3,3,3,3,3,3,3,3,3,3,3,3,3,3,3,3,3,3,3,3,3,3,3,3,3,3,3,3,3,3,3,3,3,4,3,3,2,3,3,4,3,4,#N/A,#N/A,#N/A,#N/A,#N/A,#N/A,#N/A,#N/A,#N/A,#N/A,#N/A,3,3,3,3,3,3,3,4,2,4,,
029547,f3108e0c6b39174ecb057a7901fcbfcd,5,4,5,5,5,5,5,3,3,3,4,4,2,3,3,5,4,4,4,3,3,3,3,3,3,#N/A,#N/A,#N/A,#N/A,#N/A,#N/A,#N/A,#N/A,#N/A,#N/A,#N/A,#N/A,#N/A,#N/A,#N/A,#N/A,#N/A,#N/A,4,4,3,3,3,3,3,4,4,4,4,3,5,3,3,5,4,4,3,4,4,4,4,3,1,1,4,4,4,3,4,4,3,3,4,4,4,4,4,4,4,5,5,5,5,5,5,5,5,5,5,5,4,4,4,3,3,3,4,5,2,5,,
029556,f4eccda87550066a1e02ba33aa5ffedc,5,5,5,5,4,4,4,4,5,5,5,5,5,4,4,4,4,4,4,4,4,4,4,4,4,#N/A,#N/A,#N/A,#N/A,#N/A,#N/A,#N/A,#N/A,#N/A,#N/A,#N/A,#N/A,#N/A,#N/A,#N/A,#N/A,#N/A,#N/A,4,4,4,5,4,5,4,4,4,4,4,4,4,4,4,4,4,4,4,4,4,4,4,4,4,4,3,3,4,4,4,4,3,4,4,4,4,4,4,4,4,4,4,4,3,4,4,3,4,4,4,4,5,4,4,4,4,4,4,4,4,5,,
029579,556ed74fdd11ff2c98be27eec4640c12,5,3,3,3,2,3,5,4,4,4,4,5,2,1,1,1,1,2,2,5,5,5,5,2,4,5,5,5,5,5,5,5,5,5,5,4,5,2,5,5,4,4,1,5,5,5,5,5,5,5,5,5,5,5,5,5,5,5,5,5,5,5,5,5,5,5,5,5,5,5,5,5,5,5,5,5,5,5,5,5,5,5,5,5,5,5,5,5,5,5,5,5,5,5,5,5,5,5,5,5,5,5,2,1,3,,
029596,3a2221d779f2745430b1393bc7130fbf,4,4,4,4,3,4,4,4,4,4,4,4,4,4,3,3,4,4,4,3,3,4,3,3,3,5,4,5,5,5,4,5,4,3,5,3,4,2,4,2,4,4,1,4,4,4,4,4,4,4,5,4,4,4,4,5,5,5,5,5,5,5,4,4,4,4,3,3,4,4,4,4,4,4,4,3,3,4,4,4,3,3,4,3,4,4,4,4,3,4,3,4,4,4,4,3,3,3,3,3,3,3,3,3,4,,
029633,d184f8131b261c7709f0b51cfde851b7,4,3,3,4,2,3,4,5,5,5,3,3,3,4,3,4,4,4,4,4,4,4,3,3,3,5,4,5,5,5,5,3,3,5,5,3,3,3,2,3,2,3,4,5,4,4,3,3,4,4,3,4,4,5,4,4,3,3,4,4,3,3,3,4,3,3,3,3,4,4,3,4,3,4,5,3,3,5,4,4,3,3,3,5,4,4,3,3,3,4,4,4,4,4,4,4,5,3,3,3,4,3,3,4,2,,
029636,99d5bcdd9c9ee4421bbcca78ebb08ba8,#N/A,#N/A,#N/A,#N/A,#N/A,#N/A,#N/A,5,5,5,5,5,5,5,5,5,5,5,5,5,5,5,5,5,5,5,5,5,5,1,1,5,3,3,2,#N/A,#N/A,#N/A,#N/A,#N/A,#N/A,#N/A,#N/A,5,5,5,5,5,5,5,5,2,5,5,5,3,3,5,5,4,5,5,5,5,5,5,4,5,5,5,5,5,5,5,4,5,3,5,5,5,5,5,5,4,5,5,5,5,5,4,5,4,5,5,4,5,3,4,3,4,4,2,2,2,1,,
029645,b0e0cfb67ba6011066f34019580d3083,4,3,4,4,2,4,4,3,3,3,4,4,4,4,4,4,4,4,4,4,4,4,4,3,3,5,5,5,4,3,4,4,3,4,5,3,4,3,5,2,3,4,2,4,5,3,4,4,3,4,4,3,4,4,3,3,3,4,3,4,3,2,3,4,4,3,4,3,2,3,4,4,2,4,4,4,3,4,4,3,4,2,4,3,4,4,4,5,4,4,3,3,4,4,4,4,3,2,3,4,4,3,3,3,3,,
029664,1b312c4753d691a48b1e1a8e226529ce,4,4,4,3,2,3,2,4,4,4,4,4,4,#N/A,#N/A,#N/A,#N/A,#N/A,#N/A,#N/A,#N/A,#N/A,#N/A,#N/A,#N/A,5,3,4,4,4,4,5,5,4,5,3,5,2,4,2,5,4,2,3,4,3,3,3,4,3,4,3,4,4,4,4,4,4,4,4,4,4,4,4,3,3,4,3,3,4,4,4,4,4,4,4,4,4,4,4,4,4,3,5,4,4,3,4,4,3,3,4,3,4,5,3,3,4,4,3,3,4,3,5,4,,
029665,c848d0de783f7643d5f0910a573fc173,4,4,4,5,3,4,4,4,4,4,3,4,3,4,4,5,4,3,4,3,3,4,4,2,3,5,5,5,5,5,4,5,3,3,5,3,3,4,3,3,3,3,4,#N/A,#N/A,#N/A,#N/A,#N/A,#N/A,#N/A,#N/A,#N/A,#N/A,#N/A,#N/A,#N/A,#N/A,#N/A,#N/A,#N/A,#N/A,#N/A,#N/A,#N/A,#N/A,#N/A,#N/A,#N/A,#N/A,3,3,3,3,4,3,2,2,3,4,3,3,3,2,3,4,4,3,4,3,4,4,4,3,4,4,4,4,4,4,4,4,4,4,4,4,,
029680,26634ce5dabb03543f9c9a555ae527e5,5,4,4,5,4,5,5,5,5,5,5,5,5,#N/A,#N/A,#N/A,#N/A,#N/A,#N/A,#N/A,#N/A,#N/A,#N/A,#N/A,#N/A,#N/A,#N/A,#N/A,#N/A,#N/A,#N/A,#N/A,#N/A,#N/A,#N/A,5,5,1,5,1,5,5,1,5,5,1,5,5,5,5,5,5,5,3,5,5,5,5,5,5,5,5,5,5,5,5,5,5,5,5,5,5,5,5,5,4,5,5,5,5,5,5,5,5,5,5,2,4,5,4,4,5,5,5,5,5,5,5,4,4,4,4,4,4,4,,
029683,3c0390673322bd8395d20878b11e3b8a,4,3,4,4,3,3,4,4,4,3,4,4,3,4,3,4,4,4,4,4,4,4,4,4,4,4,4,4,4,4,4,3,3,4,4,4,4,2,4,2,3,4,2,4,4,4,4,4,4,4,4,4,4,4,4,3,3,4,4,4,4,4,4,4,4,4,4,4,4,4,3,4,4,4,4,4,4,4,4,4,4,4,4,4,5,4,4,4,4,4,4,4,4,4,4,4,3,4,3,3,4,2,3,4,4,,
029704,0cbce04c404fcf7dae983e1758c3eb56,4,4,4,4,3,4,4,4,4,4,3,4,3,4,4,4,3,3,3,3,3,3,4,3,3,4,5,4,3,4,5,3,4,4,5,3,3,2,4,3,3,3,3,4,4,3,4,4,4,4,4,4,4,4,4,3,4,4,5,4,5,4,4,4,2,3,2,2,3,3,3,4,4,4,4,4,4,4,4,4,4,5,4,4,4,4,4,4,3,4,4,4,4,4,4,5,5,5,4,4,4,4,4,4,4,,
029708,4a3f428eb716b1cb05e5ef732d29613d,4,4,4,4,3,4,4,4,4,4,4,4,4,3,4,5,5,5,5,5,4,4,4,4,4,#N/A,#N/A,#N/A,#N/A,#N/A,#N/A,#N/A,#N/A,#N/A,#N/A,3,4,2,3,2,4,3,2,4,5,5,4,4,4,4,4,4,4,4,4,4,3,3,4,4,4,4,3,4,5,4,3,3,4,4,4,4,3,4,3,4,3,4,4,4,5,3,4,4,5,4,4,4,4,4,4,4,4,4,4,3,3,2,2,3,4,3,4,5,5,,
029368,88e105cc381e98e8535ec3bbbb7d095a,4,4,3,3,2,3,4,5,5,5,5,5,5,#N/A,#N/A,#N/A,#N/A,#N/A,#N/A,#N/A,#N/A,#N/A,#N/A,#N/A,#N/A,5,5,5,5,5,5,5,5,5,5,4,5,1,4,1,5,5,1,5,5,5,5,5,4,4,5,2,3,4,5,4,5,5,5,5,4,4,4,5,5,5,5,5,5,5,3,3,2,4,5,1,1,3,3,1,1,1,1,1,5,5,4,4,4,5,5,5,5,5,5,4,3,3,4,5,5,2,2,2,2,,
029177,7f16260dd1f2e96ea97d023c5f9784bb,5,5,3,4,1,2,5,4,3,3,3,4,3,4,4,4,4,3,3,3,3,3,5,4,4,5,4,3,3,4,4,3,3,3,3,2,4,3,2,3,3,4,4,4,4,3,4,2,4,4,2,3,2,4,3,2,2,4,4,2,2,3,2,2,3,4,3,3,3,4,3,5,4,3,5,2,3,3,3,3,2,1,4,4,5,5,3,5,4,1,2,4,4,4,4,4,2,2,2,3,3,4,3,4,2,,
029180,7b1129cee5c3a490acb0cf5520615bc4,#N/A,#N/A,#N/A,#N/A,#N/A,#N/A,#N/A,4,3,3,2,3,3,#N/A,#N/A,#N/A,#N/A,#N/A,#N/A,#N/A,#N/A,#N/A,#N/A,#N/A,#N/A,#N/A,#N/A,#N/A,#N/A,#N/A,#N/A,#N/A,#N/A,#N/A,#N/A,#N/A,#N/A,#N/A,#N/A,#N/A,#N/A,#N/A,#N/A,#N/A,#N/A,#N/A,#N/A,#N/A,#N/A,#N/A,#N/A,#N/A,#N/A,#N/A,#N/A,#N/A,#N/A,#N/A,#N/A,#N/A,#N/A,#N/A,#N/A,#N/A,#N/A,#N/A,#N/A,#N/A,#N/A,4,5,4,4,5,4,4,4,4,4,3,4,3,5,4,5,4,4,4,4,5,2,5,5,5,5,3,3,3,4,4,3,2,2,1,4,,
029185,a48aac92a981074d4ccb1c530925bb73,#N/A,#N/A,#N/A,#N/A,#N/A,#N/A,#N/A,4,4,3,3,3,3,3,3,3,3,4,3,3,3,3,3,3,3,3,3,3,3,3,3,3,3,3,3,4,3,2,3,2,3,3,2,3,4,3,3,3,4,3,3,3,3,3,4,3,4,4,3,3,3,3,3,3,3,3,3,3,3,3,3,3,3,4,3,3,3,3,3,3,3,3,4,4,4,4,3,3,4,4,3,4,3,3,4,4,4,3,3,3,4,3,3,3,3,,
029195,ee258c998dfcf8dada81e78c0afba9af,4,3,4,4,4,5,5,3,3,3,1,3,3,4,4,5,4,5,5,5,3,4,5,4,4,5,4,4,4,3,4,3,4,4,4,4,5,2,5,1,4,5,4,4,4,4,4,4,4,4,4,4,4,4,4,2,4,4,5,4,3,4,4,4,4,4,4,4,4,4,4,5,5,3,5,2,5,3,5,3,3,2,5,5,5,5,5,4,4,5,5,5,4,5,5,4,3,1,1,3,5,1,4,5,4,,
029224,95caada759f41a5958c088d74501ea09,5,4,5,5,4,5,5,4,4,4,4,4,4,4,4,4,4,4,4,4,4,4,4,4,4,5,5,5,5,5,4,3,4,5,5,4,4,2,5,2,4,4,1,4,5,5,4,4,4,5,4,4,4,5,5,5,4,5,5,4,4,4,5,5,4,4,4,4,4,4,4,4,5,4,4,3,3,4,4,4,4,4,4,4,4,4,4,4,4,4,4,5,4,4,5,4,4,4,3,4,3,3,4,3,4,,
029225,f7cf657e6e6f593cc300c1128f451b02,5,4,5,5,4,5,5,5,5,5,5,5,4,4,3,5,5,5,5,5,5,5,5,5,5,5,5,5,5,4,5,3,3,5,5,4,5,2,5,1,5,4,1,3,5,3,3,5,5,5,5,3,5,5,5,5,4,5,5,5,5,5,5,5,5,5,5,5,5,5,5,5,1,5,5,4,5,5,5,5,1,4,5,5,5,5,4,2,5,3,3,5,5,4,4,3,2,3,3,2,2,3,3,2,1,,
029239,e68645e513f980e407339eb0cbe42da9,4,3,3,3,4,3,3,3,3,3,2,3,2,4,4,4,4,4,4,4,5,4,4,4,4,5,4,5,5,5,4,5,5,5,5,3,3,4,4,3,4,3,4,5,5,5,4,4,5,5,5,4,4,5,4,5,5,4,5,5,5,5,4,5,5,5,4,4,4,5,5,5,5,5,5,5,5,5,5,5,5,5,4,5,5,5,5,4,3,5,5,5,5,5,5,5,5,5,5,5,5,5,4,3,5,,
029241,4a4a2883b1e0cc0bdd90213ed1c26819,4,2,3,4,3,4,4,3,3,4,4,4,3,3,3,4,3,3,3,5,4,4,5,2,5,5,5,5,5,5,3,5,3,3,5,#N/A,#N/A,#N/A,#N/A,#N/A,#N/A,#N/A,#N/A,4,5,4,4,5,4,4,5,4,5,4,5,3,3,3,5,5,5,5,5,5,5,5,3,1,5,5,5,5,5,5,5,5,3,5,5,5,3,3,3,5,5,4,3,5,3,4,3,5,3,5,3,4,3,3,2,3,4,1,2,3,4,,
029271,c3b0b72564e2b6432c14af4a6fc28487,5,5,5,5,5,5,5,4,5,4,4,4,5,4,4,5,5,5,5,4,5,5,4,4,4,5,2,5,3,1,5,3,4,4,5,3,3,4,3,3,3,4,3,5,5,5,4,3,3,3,3,4,3,4,3,4,4,4,3,4,4,4,2,3,3,3,3,3,3,3,3,4,3,4,2,3,4,3,3,3,3,3,3,3,5,4,4,3,4,3,2,3,3,3,4,5,5,4,4,5,5,4,5,5,5,,
029292,a7bc56dc9e291cbe61c33c316502d810,4,4,5,5,3,4,4,4,4,4,3,4,3,4,4,4,5,3,4,4,4,3,5,5,4,5,5,4,5,4,4,5,4,4,5,#N/A,#N/A,#N/A,#N/A,#N/A,#N/A,#N/A,#N/A,4,4,3,4,4,4,4,4,5,3,3,3,5,4,4,4,4,4,5,5,4,4,3,4,4,4,4,4,3,4,4,4,4,4,4,3,2,4,3,4,4,4,4,4,5,5,5,5,5,5,5,5,4,5,4,3,5,4,2,4,4,3,,
029319,3cc7fe62e6d3b73b4a89f12cb462d0d2,4,4,3,3,3,3,3,5,5,5,5,5,5,3,3,3,2,2,3,4,4,4,3,2,2,5,3,3,3,3,2,3,3,2,3,4,4,1,4,1,3,4,1,4,4,4,4,4,4,4,4,4,4,4,4,4,4,4,4,4,4,4,4,4,4,4,4,4,4,5,5,5,5,5,5,5,5,5,5,5,5,5,5,5,4,4,4,4,4,4,4,4,4,4,4,4,3,3,3,3,3,1,2,4,3,,
029328,d26e27d82a8113dd469109a354db995b,3,3,3,4,3,4,4,4,3,3,4,3,4,3,3,4,4,4,4,4,3,3,4,3,4,5,5,2,2,5,4,3,3,4,4,3,4,4,3,2,3,3,2,4,4,3,3,4,4,3,4,3,4,4,3,3,3,4,4,4,4,3,4,3,3,3,3,3,3,3,2,3,3,3,2,3,2,3,2,3,3,2,3,3,4,4,4,4,4,4,4,4,3,3,4,3,3,2,3,2,2,2,3,3,3,,
029337,4562c50a05575713348dd010c546fad5,5,5,4,4,3,5,5,4,5,5,4,5,4,5,4,5,5,5,5,3,4,4,5,5,5,#N/A,#N/A,#N/A,#N/A,#N/A,#N/A,#N/A,#N/A,#N/A,#N/A,#N/A,#N/A,#N/A,#N/A,#N/A,#N/A,#N/A,#N/A,5,5,4,4,5,5,5,5,3,4,3,3,4,4,5,3,5,5,5,4,3,3,3,3,3,3,4,5,5,4,5,5,5,5,5,5,3,4,3,3,5,#N/A,#N/A,#N/A,#N/A,#N/A,#N/A,#N/A,#N/A,#N/A,#N/A,#N/A,4,5,4,5,5,4,4,3,3,4,,
029348,31a26fa19b7f314107e01bba9e9468ae,4,3,3,3,2,3,2,4,4,4,3,4,3,4,3,3,4,4,4,4,5,5,4,3,4,5,3,5,5,3,3,2,2,2,4,3,3,2,5,2,3,4,2,4,4,4,5,4,4,4,5,3,4,4,4,3,3,5,4,4,3,4,4,4,3,4,3,3,4,4,4,4,3,4,5,4,4,4,5,4,4,3,4,4,5,4,5,5,4,4,4,4,4,4,4,4,3,3,3,3,4,3,2,3,2,,
029355,355ad6cd6c53bd24f83213e4f1e99b2d,#N/A,#N/A,#N/A,#N/A,#N/A,#N/A,#N/A,5,4,4,3,3,4,#N/A,#N/A,#N/A,#N/A,#N/A,#N/A,#N/A,#N/A,#N/A,#N/A,#N/A,#N/A,5,4,5,4,4,3,5,5,3,5,3,4,2,4,2,4,3,3,4,5,5,5,4,5,5,4,5,4,4,4,5,5,5,5,4,5,4,5,4,3,4,3,4,3,4,4,5,5,4,3,3,4,5,5,4,5,3,5,5,4,4,4,3,3,5,4,4,4,5,5,4,3,2,3,3,3,4,4,3,4,,
029363,bd607c85b68871dc0d945d2d711f7cb5,5,3,4,5,2,4,3,5,5,4,3,3,4,4,3,3,4,4,4,4,4,4,5,4,3,5,4,5,4,3,2,3,2,2,3,3,5,3,4,2,4,4,3,4,5,2,2,4,3,4,4,3,5,5,4,3,3,4,5,4,4,3,4,5,5,4,4,3,2,4,4,5,3,3,4,3,2,3,3,5,4,4,5,4,4,5,5,4,3,4,3,4,3,5,4,3,3,3,3,3,4,3,4,4,3,,
029376,fc27dc31668bfe5c179783ab7f811faa,3,3,3,4,3,4,4,4,3,3,3,4,3,1,2,1,3,3,3,4,4,4,4,3,4,#N/A,#N/A,#N/A,#N/A,#N/A,#N/A,#N/A,#N/A,#N/A,#N/A,3,4,2,4,3,3,3,3,4,4,3,3,4,3,4,4,4,4,4,4,3,3,4,4,3,4,3,4,4,4,4,3,3,3,#N/A,#N/A,#N/A,#N/A,#N/A,#N/A,#N/A,#N/A,#N/A,#N/A,#N/A,#N/A,#N/A,#N/A,#N/A,4,4,3,3,4,4,3,4,3,4,4,4,3,2,2,2,2,2,4,3,3,,
029395,1fd755411a81a96afb947425665fb4ba,5,4,4,4,3,3,3,4,4,4,3,3,3,3,3,3,4,4,4,4,4,4,3,3,3,4,5,5,5,4,4,5,4,4,5,3,3,3,3,3,3,3,3,#N/A,#N/A,#N/A,#N/A,#N/A,#N/A,#N/A,#N/A,#N/A,#N/A,#N/A,#N/A,#N/A,#N/A,#N/A,#N/A,#N/A,#N/A,#N/A,#N/A,#N/A,#N/A,#N/A,#N/A,#N/A,#N/A,5,5,5,5,5,5,5,5,5,5,5,5,5,5,5,5,5,4,4,4,5,4,4,5,5,5,4,4,4,3,3,3,3,3,2,3,,
029440,75ab7898974d90ab96b1d306b95e1fd8,#N/A,#N/A,#N/A,#N/A,#N/A,#N/A,#N/A,5,5,5,5,5,5,5,5,5,5,5,5,4,5,5,5,5,5,#N/A,#N/A,#N/A,#N/A,#N/A,#N/A,#N/A,#N/A,#N/A,#N/A,5,5,1,5,2,5,5,1,5,5,5,5,5,5,5,5,5,5,5,5,5,5,5,5,5,5,5,5,5,5,5,5,5,5,5,5,5,5,5,5,5,5,5,5,5,5,5,5,5,5,4,3,4,5,5,4,5,4,4,3,5,4,5,5,5,5,5,5,4,5,,
029485,adfcc30c2973b69f7de23bcb46a1b853,5,3,3,5,2,4,5,#N/A,#N/A,#N/A,#N/A,#N/A,#N/A,4,3,5,5,5,5,4,4,4,5,4,3,5,5,5,5,5,5,5,5,5,5,5,4,2,3,2,3,4,3,#N/A,#N/A,#N/A,#N/A,#N/A,#N/A,#N/A,#N/A,#N/A,#N/A,#N/A,#N/A,#N/A,#N/A,#N/A,#N/A,#N/A,#N/A,#N/A,#N/A,#N/A,#N/A,#N/A,#N/A,#N/A,#N/A,3,3,4,4,5,4,3,5,5,5,4,3,4,5,5,5,5,5,4,4,4,4,5,5,5,5,3,2,3,3,4,4,3,4,5,5,,
029486,3fa780cfc0f7ccb404ab6f5cd938b46a,5,5,5,5,5,5,5,5,5,5,4,4,3,5,3,3,5,5,5,5,5,5,5,4,4,5,4,5,5,3,3,1,3,1,1,4,5,3,5,1,3,5,2,5,5,3,5,5,3,4,4,5,5,4,5,4,4,4,5,5,5,5,5,5,4,5,3,3,5,5,5,5,5,5,5,3,5,3,3,4,3,2,3,3,5,5,3,5,3,4,4,4,5,5,5,5,4,4,4,4,4,5,5,5,5,,
029499,cc90a29d47223ca3078782591e4a4394,5,4,4,4,3,4,5,4,3,4,3,5,5,#N/A,#N/A,#N/A,#N/A,#N/A,#N/A,#N/A,#N/A,#N/A,#N/A,#N/A,#N/A,4,4,4,4,4,4,4,4,4,4,4,4,2,4,2,4,3,3,3,5,2,5,5,4,4,4,4,4,4,4,3,3,4,4,4,4,4,4,4,4,4,3,3,4,3,4,4,3,5,5,4,4,4,4,4,4,2,4,4,5,5,2,5,4,5,4,3,4,4,4,4,3,3,4,4,3,3,3,3,2,,
029506,487184533bbfa5ffff171704eb88d550,5,5,5,5,3,4,5,5,5,5,5,5,5,5,5,5,5,5,5,5,5,5,5,5,5,#N/A,#N/A,#N/A,#N/A,#N/A,#N/A,#N/A,#N/A,#N/A,#N/A,4,4,3,5,2,5,5,2,#N/A,#N/A,#N/A,#N/A,#N/A,#N/A,#N/A,#N/A,#N/A,#N/A,#N/A,#N/A,#N/A,#N/A,#N/A,#N/A,#N/A,#N/A,#N/A,#N/A,#N/A,#N/A,#N/A,#N/A,#N/A,#N/A,#N/A,#N/A,#N/A,#N/A,#N/A,#N/A,#N/A,#N/A,#N/A,#N/A,#N/A,#N/A,#N/A,#N/A,#N/A,5,5,5,5,5,5,4,5,5,5,5,5,5,5,5,5,4,4,4,4,4,,
029507,0daf997fed1433c71602d2734e966977,#N/A,#N/A,#N/A,#N/A,#N/A,#N/A,#N/A,4,3,3,5,4,2,#N/A,#N/A,#N/A,#N/A,#N/A,#N/A,#N/A,#N/A,#N/A,#N/A,#N/A,#N/A,#N/A,#N/A,#N/A,#N/A,#N/A,#N/A,#N/A,#N/A,#N/A,#N/A,#N/A,#N/A,#N/A,#N/A,#N/A,#N/A,#N/A,#N/A,5,5,5,5,4,3,4,4,5,4,4,4,4,5,5,5,4,4,3,4,4,2,3,4,2,4,4,4,5,5,3,5,3,3,4,5,5,5,5,5,5,4,4,4,4,4,4,4,4,4,4,4,4,4,4,4,3,4,5,4,3,4,,
029516,a3f1ebd19749bf23dc1e67afd4e7681d,5,3,4,5,3,5,5,5,4,5,4,5,5,5,4,5,5,5,5,4,5,5,5,5,5,5,5,5,5,5,5,5,4,4,5,5,5,1,5,1,5,5,1,5,5,5,5,5,4,5,5,5,5,5,5,5,4,5,4,5,5,5,5,5,5,5,5,5,5,5,5,5,4,3,3,5,5,4,3,4,5,5,5,2,5,5,4,5,5,5,5,5,5,5,5,5,4,5,5,5,5,3,4,4,5,,
029522,a49f4a415e9e75812608fd6e57c85a86,#N/A,#N/A,#N/A,#N/A,#N/A,#N/A,#N/A,#N/A,#N/A,#N/A,#N/A,#N/A,#N/A,#N/A,#N/A,#N/A,#N/A,#N/A,#N/A,#N/A,#N/A,#N/A,#N/A,#N/A,#N/A,4,4,4,4,4,4,4,4,3,4,4,4,3,4,4,3,4,3,4,4,4,4,4,4,4,4,4,4,4,4,4,4,4,4,4,4,4,4,4,4,4,3,3,3,#N/A,#N/A,#N/A,#N/A,#N/A,#N/A,#N/A,#N/A,#N/A,#N/A,#N/A,#N/A,#N/A,#N/A,#N/A,4,4,3,4,3,4,4,4,4,4,4,4,4,3,3,3,4,3,3,4,4,,
029523,2b8802b58ff0eb28a41c4a873aa5cc4f,3,3,3,3,3,4,4,4,4,4,3,4,4,3,4,4,4,4,4,3,4,4,4,4,3,5,5,5,4,4,4,3,3,3,4,3,3,4,3,2,4,4,3,4,4,3,4,4,3,3,3,4,4,4,4,3,4,4,3,4,4,4,3,4,3,4,4,3,3,4,4,4,3,4,4,4,4,4,4,4,4,4,4,4,4,3,4,4,3,4,3,4,4,3,4,4,4,4,4,4,4,4,4,4,3,,
029524,ae39e3f1fea0deadc21a9717c1b762ad,3,3,2,4,3,4,4,5,5,5,4,4,4,2,2,2,3,2,2,4,4,4,4,2,2,5,3,4,4,5,5,2,2,4,5,3,4,2,4,2,3,3,4,4,5,4,4,4,3,3,3,4,4,4,4,2,4,3,5,4,2,2,3,4,3,4,4,3,3,3,3,4,3,3,4,2,3,4,4,3,2,1,4,4,5,4,4,4,2,5,5,5,4,4,4,4,2,2,2,2,3,2,4,4,4,,
029562,1aec744a9a0caa0510f57d7ce783994d,#N/A,#N/A,#N/A,#N/A,#N/A,#N/A,#N/A,3,3,3,3,3,3,#N/A,#N/A,#N/A,#N/A,#N/A,#N/A,#N/A,#N/A,#N/A,#N/A,#N/A,#N/A,5,5,5,5,5,5,5,5,5,5,3,3,1,3,1,3,5,1,5,5,5,5,5,4,4,4,3,4,3,4,5,5,5,5,4,4,4,5,4,5,5,5,4,4,4,4,3,4,4,4,4,4,4,5,4,4,4,4,4,#N/A,#N/A,#N/A,#N/A,#N/A,#N/A,#N/A,#N/A,#N/A,#N/A,#N/A,5,4,4,4,4,4,4,4,4,4,,
029567,c5800978595ec476c75d24baf930d347,5,4,5,4,4,3,4,5,5,5,4,4,4,4,4,5,5,5,5,4,4,4,5,4,4,5,4,4,4,4,4,4,4,4,5,5,5,2,5,1,4,4,1,5,5,5,5,5,5,5,5,5,4,4,4,4,4,5,4,4,4,4,4,4,4,5,5,4,3,5,5,5,5,5,4,4,4,4,4,4,4,4,4,4,5,5,3,4,3,5,5,5,5,5,5,5,4,3,4,5,5,4,4,2,2,,
029570,3d5f3569e2ae59f213ebd32d4e19b02c,4,3,4,3,2,2,3,4,4,3,2,3,3,2,3,3,3,4,4,3,3,3,4,4,4,4,4,4,3,4,4,3,4,4,5,3,3,2,4,2,3,4,2,4,4,4,3,4,3,4,4,4,4,3,4,3,4,4,4,3,4,4,4,4,3,4,4,4,4,4,3,3,4,4,3,2,3,3,4,4,3,2,4,4,4,4,4,4,4,4,3,3,4,4,4,3,2,2,3,3,3,2,3,4,3,,
029590,d2aaf2381649fd46842cb9c9e6c0c5ea,5,5,4,5,4,5,4,4,5,4,5,5,4,5,5,5,5,5,5,5,5,5,5,5,5,5,5,5,5,5,5,5,5,5,5,5,5,5,5,5,5,5,5,5,5,5,5,5,5,5,5,5,5,5,5,5,5,5,5,5,5,5,5,5,5,5,5,5,5,5,5,4,5,5,4,4,5,4,4,4,3,3,4,4,5,5,4,4,5,4,3,4,4,4,4,5,5,4,5,4,4,4,4,5,3,,
029593,2eb12b2773c440ef47947debfcd43151,4,4,3,5,5,5,5,5,5,5,5,5,5,5,5,5,4,5,5,5,5,4,5,5,5,#N/A,#N/A,#N/A,#N/A,#N/A,#N/A,#N/A,#N/A,#N/A,#N/A,5,4,2,4,1,4,5,1,5,5,5,5,4,5,5,4,3,4,2,5,4,4,5,5,5,5,5,5,5,5,5,5,5,5,#N/A,#N/A,#N/A,#N/A,#N/A,#N/A,#N/A,#N/A,#N/A,#N/A,#N/A,#N/A,#N/A,#N/A,#N/A,2,4,1,4,5,5,3,5,4,5,5,5,5,2,4,4,5,5,4,3,3,,
029622,16e8781853b1346012080e971210ca16,4,4,3,4,3,4,3,4,5,4,3,3,3,4,3,4,3,4,4,3,4,4,3,2,3,4,4,5,5,3,3,3,4,4,5,3,3,3,4,3,3,4,2,4,4,4,4,5,4,4,3,4,4,4,5,3,3,4,5,5,4,4,2,3,3,2,3,3,2,4,3,3,3,4,3,3,3,4,4,4,5,4,5,5,5,5,4,4,3,4,4,5,3,4,4,4,3,4,4,4,4,3,4,3,3,,
029635,b4214eed1010bd9a6b1e77300f24b8a4,#N/A,#N/A,#N/A,#N/A,#N/A,#N/A,#N/A,4,5,4,5,5,3,#N/A,#N/A,#N/A,#N/A,#N/A,#N/A,#N/A,#N/A,#N/A,#N/A,#N/A,#N/A,5,4,5,5,5,5,5,4,5,5,4,5,1,5,1,4,4,1,5,5,5,5,5,5,5,5,5,5,5,5,5,5,5,5,5,5,4,4,5,5,5,5,5,5,5,5,5,5,4,5,5,4,5,5,4,4,5,5,5,#N/A,#N/A,#N/A,#N/A,#N/A,#N/A,#N/A,#N/A,#N/A,#N/A,#N/A,3,1,4,4,3,4,3,3,3,3,,
029661,8fe1bbdafb108166d8e118ead1c5f9ce,4,4,3,3,4,3,4,4,4,4,3,4,3,4,4,4,3,3,3,3,3,3,3,3,3,4,4,4,4,3,4,4,3,3,4,3,3,2,3,3,4,3,3,4,4,3,3,4,3,3,4,4,4,4,4,4,3,3,4,4,4,4,2,3,3,4,4,4,2,3,4,4,3,4,4,3,3,4,4,3,3,3,4,4,5,5,3,4,4,4,4,4,4,5,5,3,3,5,3,4,4,3,4,2,3,,
029669,4a58a74260a43b6398c043d990b41d84,#N/A,#N/A,#N/A,#N/A,#N/A,#N/A,#N/A,4,4,3,2,2,2,#N/A,#N/A,#N/A,#N/A,#N/A,#N/A,#N/A,#N/A,#N/A,#N/A,#N/A,#N/A,4,5,5,5,4,5,5,4,5,4,4,3,3,4,3,3,3,2,5,4,4,3,3,3,4,4,4,4,3,4,3,4,5,4,3,4,4,4,3,3,3,3,3,4,5,4,4,3,4,5,3,3,4,4,4,4,3,5,5,5,5,4,4,4,5,4,4,5,4,5,4,3,2,3,4,4,4,4,4,3,,
029675,190186840566e19a5f85c208cb2a185d,5,5,5,5,4,4,5,5,4,5,5,4,4,5,5,5,5,5,5,3,5,5,5,5,5,5,5,5,5,5,3,1,5,5,5,4,4,5,5,5,5,3,3,#N/A,#N/A,#N/A,#N/A,#N/A,#N/A,#N/A,#N/A,#N/A,#N/A,#N/A,#N/A,#N/A,#N/A,#N/A,#N/A,#N/A,#N/A,#N/A,#N/A,#N/A,#N/A,#N/A,#N/A,#N/A,#N/A,#N/A,#N/A,#N/A,#N/A,#N/A,#N/A,#N/A,#N/A,#N/A,#N/A,#N/A,#N/A,#N/A,#N/A,#N/A,5,5,2,5,3,5,5,5,5,5,5,5,5,5,5,5,5,5,5,3,5,,
029679,0094b474c00f534c130483b41d12f663,4,4,4,5,4,4,4,4,5,5,4,3,4,5,3,5,3,4,3,3,3,4,4,3,4,5,5,5,5,5,5,5,5,5,5,#N/A,#N/A,#N/A,#N/A,#N/A,#N/A,#N/A,#N/A,4,5,3,4,4,3,3,4,4,4,5,4,4,3,4,5,3,3,4,4,4,4,4,4,4,4,#N/A,#N/A,#N/A,#N/A,#N/A,#N/A,#N/A,#N/A,#N/A,#N/A,#N/A,#N/A,#N/A,#N/A,#N/A,5,5,4,4,4,4,3,4,3,5,5,4,4,3,3,4,5,3,4,3,4,,
029691,7d58aff11dceb28c2708a8975010fd07,4,4,3,4,2,3,3,3,3,3,2,2,1,4,4,4,3,3,3,3,3,3,3,3,3,5,5,5,3,4,5,3,3,2,4,3,4,1,3,2,3,4,2,5,5,5,3,3,3,3,3,4,4,4,4,4,4,4,4,4,4,4,4,4,4,4,4,4,4,4,3,3,4,3,3,3,3,4,4,4,4,4,3,3,4,4,4,4,4,4,4,4,4,4,4,4,4,3,3,3,4,3,3,3,2,,
029693,7fd3cfa88f658359cd8d03c43492a04e,3,2,3,3,4,2,3,3,3,2,3,3,2,3,2,3,4,2,3,3,2,3,4,2,3,2,3,3,2,4,3,3,3,2,3,3,3,4,3,4,2,4,3,3,2,3,4,3,3,3,2,3,4,3,2,3,3,3,3,3,2,3,3,2,2,2,3,2,3,3,2,2,4,2,3,3,4,4,4,2,4,4,2,3,3,2,4,3,3,2,4,3,3,2,4,3,2,4,3,3,2,3,3,4,2,,
029707,6557578fd71571d730bf72fe1b401e7c,3,3,3,4,3,3,4,5,5,4,4,4,4,4,4,3,5,4,4,4,4,4,4,4,4,#N/A,#N/A,#N/A,#N/A,#N/A,#N/A,#N/A,#N/A,#N/A,#N/A,3,3,3,3,3,3,4,2,4,5,4,4,4,4,4,4,3,4,4,4,4,4,3,4,3,3,3,3,3,4,4,3,3,4,4,4,4,5,4,5,4,3,3,3,3,3,3,3,3,#N/A,#N/A,#N/A,#N/A,#N/A,#N/A,#N/A,#N/A,#N/A,#N/A,#N/A,4,3,3,4,3,3,3,3,4,3,,
029176,28dccd48f429b4401c317e298cf91fd0,4,4,3,3,3,3,3,4,3,3,3,3,4,5,3,5,5,4,5,5,5,5,3,3,3,5,3,5,5,5,3,5,5,1,5,3,4,5,5,3,3,5,4,4,4,3,3,3,4,3,2,3,4,3,3,3,3,3,3,3,3,3,3,4,4,4,3,3,2,5,5,4,4,4,3,3,4,4,4,5,3,3,5,4,#N/A,#N/A,#N/A,#N/A,#N/A,#N/A,#N/A,#N/A,#N/A,#N/A,#N/A,4,4,3,3,4,5,5,3,5,3,,
029189,821274a582c53b7c175b16611fd4929e,5,5,4,5,3,5,4,#N/A,#N/A,#N/A,#N/A,#N/A,#N/A,#N/A,#N/A,#N/A,#N/A,#N/A,#N/A,#N/A,#N/A,#N/A,#N/A,#N/A,#N/A,5,5,5,5,5,5,3,3,4,5,5,5,1,5,1,4,4,1,5,5,5,5,5,5,5,5,5,5,5,5,5,5,5,5,5,5,5,5,5,5,5,5,5,5,#N/A,#N/A,#N/A,#N/A,#N/A,#N/A,#N/A,#N/A,#N/A,#N/A,#N/A,#N/A,#N/A,#N/A,#N/A,#N/A,#N/A,#N/A,#N/A,#N/A,#N/A,#N/A,#N/A,#N/A,#N/A,#N/A,5,5,5,5,5,5,5,5,5,5,,
029203,af785981157abb3c84fb63a00ca915dc,5,5,5,3,1,3,5,3,3,3,2,2,2,#N/A,#N/A,#N/A,#N/A,#N/A,#N/A,#N/A,#N/A,#N/A,#N/A,#N/A,#N/A,#N/A,#N/A,#N/A,#N/A,#N/A,#N/A,#N/A,#N/A,#N/A,#N/A,#N/A,#N/A,#N/A,#N/A,#N/A,#N/A,#N/A,#N/A,4,5,5,5,5,5,5,5,2,5,5,5,2,2,2,5,3,3,3,5,5,4,5,3,2,4,5,5,5,3,4,5,4,3,4,2,4,5,5,4,5,5,4,1,4,5,4,3,5,4,5,5,5,1,5,1,1,1,3,4,5,1,,
029206,ec7502ed503235b9d4bdb8a0d9068266,5,5,5,4,3,4,5,5,5,5,5,3,3,3,4,4,5,5,5,5,5,5,5,5,5,5,5,5,5,5,5,3,5,5,5,5,5,2,5,2,5,5,1,4,5,5,5,5,5,5,5,5,5,5,5,3,5,5,5,5,5,5,5,5,5,5,5,4,5,5,2,3,2,5,5,2,3,4,5,5,2,5,2,5,5,5,5,5,5,5,4,5,5,5,5,3,3,3,2,3,3,3,4,4,5,,
029215,22a0484ead2046c8ce28f72d9c985b84,4,5,4,4,2,4,3,3,4,4,4,4,4,3,2,4,3,3,3,2,2,2,2,1,2,5,5,5,5,3,3,3,3,3,5,2,2,4,3,4,3,2,4,4,3,4,3,3,2,2,2,3,2,4,3,1,2,2,4,2,1,1,1,2,1,1,2,2,1,3,3,2,2,4,4,2,2,4,4,3,2,2,4,5,2,2,3,3,2,3,4,3,4,4,4,4,4,3,3,3,2,2,3,2,2,,
029236,41785f7de07d5ad4d4cb228a841657c0,3,2,4,4,3,4,4,4,4,3,5,5,5,5,1,3,3,2,2,3,3,3,4,1,3,4,4,5,4,4,5,4,3,3,4,3,4,5,4,2,3,3,3,4,4,4,4,4,3,4,4,5,4,4,5,4,3,4,4,3,3,4,4,4,3,4,3,2,4,4,4,3,3,4,4,3,4,5,4,4,5,4,4,4,4,4,4,2,3,4,4,5,5,5,5,5,5,1,4,3,4,1,1,3,1,,
029242,0e27a58a9e63d8d2c8238fd3387233ef,5,4,4,4,3,4,4,4,4,4,4,4,3,5,4,5,3,2,2,5,5,5,3,3,3,5,5,5,5,5,5,5,5,5,5,#N/A,#N/A,#N/A,#N/A,#N/A,#N/A,#N/A,#N/A,3,5,5,4,4,4,4,4,4,5,5,5,4,3,4,4,3,4,3,4,5,4,4,3,3,3,4,4,4,4,4,3,3,4,3,3,4,4,4,4,4,4,4,4,5,4,5,4,5,5,4,5,3,4,4,4,4,5,4,5,2,2,,
029247,8fc105fa4794f3a2d29f3403185d4f2c,5,4,5,5,3,4,5,4,3,3,3,3,3,5,5,5,5,5,5,3,3,4,5,3,3,5,5,5,5,5,5,5,5,5,5,3,4,3,5,2,4,5,1,5,5,5,3,4,3,4,3,4,3,5,4,4,4,3,4,3,4,3,3,4,2,3,3,3,4,3,4,5,3,4,5,5,4,4,5,5,3,2,4,5,5,5,5,5,5,3,5,5,3,5,5,4,4,3,4,4,5,3,5,5,5,,
029257,be6770a2fa545ab862e9f3acae082211,5,5,3,4,2,4,4,5,5,5,5,3,4,5,5,5,4,4,4,4,4,4,4,4,4,5,5,5,5,5,4,5,5,5,5,4,4,4,4,4,4,4,2,4,4,4,4,4,4,4,4,4,4,4,4,4,3,3,4,3,3,3,4,4,3,3,3,3,3,3,3,3,3,4,4,4,4,4,4,4,4,4,4,4,4,4,4,4,4,3,4,4,4,4,4,5,5,4,4,4,4,4,4,3,4,,
029260,fa7719a20f9593236944cd3b9b8d3dda,4,4,4,4,4,3,5,4,4,4,4,4,4,3,3,3,3,3,3,3,3,3,3,3,3,3,3,3,3,3,3,3,3,3,3,3,4,4,2,2,3,3,4,4,5,3,4,4,5,5,5,4,5,5,5,4,3,3,5,5,5,5,5,5,5,5,5,5,5,4,4,5,4,4,4,4,4,4,4,4,4,3,3,3,3,3,3,3,3,3,3,3,3,3,3,3,3,3,3,3,3,3,3,3,3,,
029264,559ad92ccadb64fc215156683dbdda3e,4,4,3,4,3,4,4,4,4,4,4,4,4,5,4,4,4,4,4,3,4,4,4,4,4,4,5,4,4,4,1,4,3,4,5,4,4,2,4,2,5,4,3,5,5,3,5,4,5,5,4,4,5,4,5,4,4,4,5,5,5,4,5,4,4,4,4,3,4,4,4,4,5,3,4,3,3,4,4,5,4,3,5,4,4,4,3,4,4,5,5,5,5,5,5,5,5,5,5,4,5,4,4,4,4,,
029265,42e418dab20d4191304c6056bdd96f64,4,2,3,2,1,2,2,4,4,3,3,4,3,3,3,3,4,3,3,3,3,4,4,4,4,4,4,4,4,3,2,3,3,5,5,3,4,3,4,2,4,3,2,3,4,4,4,4,4,4,4,3,4,3,3,3,3,4,4,3,3,3,4,4,3,3,4,3,3,4,4,3,2,4,3,4,4,4,4,4,3,2,2,5,4,4,2,4,4,4,3,4,4,4,4,3,3,2,2,2,2,2,2,2,2,,
029287,71e416722c579b4168b30c681d2df923,4,2,4,3,3,3,3,4,4,4,4,4,4,2,2,4,4,2,2,4,3,4,4,2,2,5,5,5,5,5,5,4,4,4,5,4,4,3,3,1,4,3,4,4,4,4,4,4,4,4,4,4,4,4,4,4,4,4,4,4,4,4,4,4,4,4,4,4,4,4,4,4,4,4,4,4,4,4,4,3,4,4,4,4,4,4,4,4,4,4,3,4,4,4,4,4,4,4,4,4,4,4,4,4,2,,
029288,2161e5c3d112c93e7baefb9688fca559,5,5,3,1,3,5,5,5,5,5,5,5,5,5,5,5,5,5,5,5,5,5,5,5,5,5,5,5,5,5,5,5,5,5,5,5,5,1,5,1,5,5,1,5,5,5,5,5,5,5,5,5,5,5,5,5,5,5,5,5,5,5,5,5,5,5,5,5,5,5,3,5,5,3,5,5,3,5,5,5,5,5,5,5,5,5,3,3,3,3,5,5,5,5,5,5,5,5,5,5,5,5,3,5,5,,
029307,95182960657938c9dd911af25bfeef2d,5,5,5,1,1,5,1,3,3,3,3,3,2,3,3,3,5,5,5,5,5,5,5,5,3,5,5,5,5,5,5,5,5,5,5,5,5,1,5,1,5,5,1,3,5,1,5,5,3,5,5,3,5,5,5,3,3,3,5,3,3,3,4,5,4,3,3,3,3,3,3,3,3,3,3,1,1,5,3,5,4,1,3,4,5,3,1,3,5,5,5,5,5,5,5,5,3,1,1,1,5,1,1,5,1,,
029312,10d3dd0dcbf6b25c29bbde215cd70cbf,4,3,3,3,3,4,4,4,4,4,4,3,3,3,3,3,5,5,5,5,5,5,5,5,5,5,5,5,5,4,5,5,5,5,5,3,4,1,4,2,3,3,3,5,5,5,5,5,5,4,5,5,5,4,4,4,4,4,4,4,5,5,5,5,5,5,5,5,5,5,5,5,5,5,4,4,5,4,4,4,3,3,4,3,5,5,5,4,4,4,4,5,5,5,5,3,3,3,3,3,3,3,4,4,4,,
029316,a99d1c4aad81f0bf6aa163120f4c341a,3,3,3,3,3,3,3,3,3,3,3,3,3,3,3,3,3,3,3,3,3,3,3,3,3,3,3,3,3,3,3,3,3,3,3,3,3,4,2,4,3,2,5,3,3,3,3,3,3,3,3,3,3,3,3,3,3,3,4,3,3,3,3,3,3,3,3,3,3,3,4,4,3,3,2,3,3,3,3,3,4,3,4,3,3,3,3,3,3,3,3,3,3,3,3,3,3,3,3,3,3,3,3,3,3,,
029368,f48ccb806f0fc792135dc61b0575cc9f,4,4,3,3,2,3,4,5,4,4,4,4,4,#N/A,#N/A,#N/A,#N/A,#N/A,#N/A,#N/A,#N/A,#N/A,#N/A,#N/A,#N/A,5,4,5,5,3,3,5,4,4,4,4,5,1,4,1,5,5,1,5,5,5,5,4,5,5,5,4,5,4,4,4,5,5,5,5,4,4,4,5,5,4,4,4,4,5,4,4,4,4,4,4,4,5,4,5,4,4,4,4,5,5,4,4,4,5,5,5,5,5,5,4,3,3,4,5,5,2,2,2,2,,
029378,63513b8ae4e460256279b6264ac0e901,4,4,4,4,3,3,3,4,4,4,4,4,4,4,4,4,5,5,5,4,4,4,4,4,4,5,5,5,5,5,5,5,4,4,5,4,4,2,4,2,4,4,2,4,5,4,4,4,5,4,4,3,4,3,4,3,4,4,4,3,4,4,4,4,3,3,3,3,3,4,4,4,4,4,4,4,4,4,4,4,3,3,5,4,4,4,2,4,3,4,3,4,4,4,4,4,3,4,4,3,4,3,3,4,3,,
029392,f0ae2819b65e9fdc3a4a8e91190a7444,5,4,4,5,3,4,5,5,3,3,3,3,3,4,4,4,5,5,5,4,4,3,4,4,4,4,4,5,5,5,5,5,4,3,5,4,4,2,4,2,3,4,2,5,4,5,4,4,4,5,4,4,5,5,4,4,4,5,4,5,5,5,5,4,4,4,4,3,4,4,5,4,5,5,4,4,4,4,4,3,4,3,4,4,4,5,5,4,5,4,4,5,5,4,5,3,3,3,3,4,4,3,4,2,4,,
029410,9179a87887ad9add73a1651c69ca4d39,2,2,3,4,3,3,4,5,5,4,3,3,2,3,3,3,4,5,5,2,3,3,4,5,5,3,5,5,5,3,5,4,4,4,5,3,4,3,4,2,4,3,2,4,4,3,4,4,3,4,3,4,5,4,4,4,4,4,5,4,4,4,4,4,4,4,4,3,3,4,3,4,2,5,4,4,4,4,4,5,4,5,5,5,2,4,3,3,3,4,3,4,4,4,4,4,4,3,3,2,4,3,3,4,4,,
029436,fcbd3e0aa81603ea603002b84bfe3baf,5,4,3,4,3,4,4,5,5,5,4,4,4,4,4,4,4,4,4,4,4,5,4,3,4,4,3,4,4,4,3,4,3,4,4,4,5,1,5,2,4,4,1,5,4,3,4,4,4,4,4,4,4,4,4,4,4,4,4,4,4,4,5,4,4,4,3,4,3,4,5,4,4,4,3,4,4,4,4,4,4,4,4,4,4,4,4,4,4,4,4,4,4,4,4,5,4,4,5,5,5,4,5,5,4,,
029441,c1f5c3c7e16b4ced6711b5d9f8dfcee1,4,4,3,5,2,3,3,4,4,4,3,3,4,2,3,4,4,4,4,3,3,3,4,4,3,5,4,5,4,5,3,4,4,2,5,3,4,2,3,3,2,4,3,3,4,3,3,4,4,5,4,4,4,4,4,4,5,4,4,3,3,3,2,2,2,1,2,1,1,3,2,4,4,4,3,2,3,2,4,4,4,3,4,4,3,4,2,4,4,4,3,5,4,5,5,3,3,2,2,3,4,2,3,4,4,,
029456,c7df707c2cf1a5393442e82ebba96a6f,3,4,3,4,2,3,3,4,3,2,2,3,3,5,5,5,3,3,3,3,3,3,5,3,5,5,5,5,5,3,3,2,4,4,4,3,3,3,3,3,3,3,3,4,4,3,3,4,4,4,4,3,4,3,4,1,2,3,2,4,4,4,3,4,4,4,4,2,3,3,3,2,1,3,2,4,2,1,3,3,2,2,2,3,3,3,3,3,3,3,3,3,3,3,3,3,3,3,3,3,3,3,3,3,3,,
029466,b888671e323300d0f712179277949e12,5,3,4,4,1,1,4,5,5,5,5,2,5,3,3,4,5,5,5,4,5,5,5,5,5,5,1,5,5,5,5,3,5,5,5,#N/A,#N/A,#N/A,#N/A,#N/A,#N/A,#N/A,#N/A,5,5,3,5,5,5,5,5,3,5,5,5,4,5,5,5,5,5,5,5,5,5,5,5,5,5,5,5,5,5,3,3,5,5,5,5,5,2,1,5,5,5,5,5,5,5,5,4,5,5,5,5,3,1,3,3,3,3,2,4,4,1,,
029473,4e1e3be6be36647d912707b2bab6afd8,5,5,5,5,5,5,5,5,5,5,5,5,5,5,5,5,5,5,5,5,5,5,5,5,5,5,5,5,5,5,5,4,5,5,5,#N/A,#N/A,#N/A,#N/A,#N/A,#N/A,#N/A,#N/A,5,5,5,5,5,5,5,5,5,5,5,5,5,5,5,5,5,5,5,5,5,5,5,5,5,5,#N/A,#N/A,#N/A,#N/A,#N/A,#N/A,#N/A,#N/A,#N/A,#N/A,#N/A,#N/A,#N/A,#N/A,#N/A,#N/A,#N/A,#N/A,#N/A,#N/A,#N/A,#N/A,#N/A,#N/A,#N/A,#N/A,5,5,5,5,5,5,4,4,2,3,,
029474,de9a42bffccadd15e5acb0aa3a9cf377,3,3,2,1,1,1,3,3,3,3,3,1,1,#N/A,#N/A,#N/A,#N/A,#N/A,#N/A,#N/A,#N/A,#N/A,#N/A,#N/A,#N/A,#N/A,#N/A,#N/A,#N/A,#N/A,#N/A,#N/A,#N/A,#N/A,#N/A,3,1,3,5,3,3,2,4,3,3,3,3,3,3,3,3,2,3,4,4,1,1,3,5,2,2,3,3,2,2,2,2,2,2,3,3,3,3,3,2,3,3,3,4,4,4,4,3,4,4,4,4,4,4,4,4,4,3,4,4,4,3,3,3,3,3,3,1,2,1,,
029476,f1a47fa81d8f4dfeacd06cd612cc4d05,5,5,4,4,2,3,4,3,3,3,3,2,2,4,4,3,5,5,5,5,5,5,5,3,4,5,5,5,5,5,3,2,5,5,5,4,4,3,3,3,4,4,3,5,5,5,5,5,5,5,5,5,5,5,5,5,5,5,5,5,5,5,5,5,5,5,3,3,5,5,5,5,5,5,5,3,3,5,5,5,5,5,4,5,5,5,3,5,5,4,3,3,4,5,3,4,3,4,4,5,5,3,4,5,5,,
029479,d90bcd64ae03275a8d1c3fecee504726,4,3,4,4,3,4,4,3,3,2,3,3,3,3,3,3,3,3,3,3,3,3,3,3,3,4,4,4,4,5,5,4,3,5,4,3,4,2,3,2,2,4,3,3,3,4,4,4,4,3,3,3,4,2,3,2,2,4,4,2,4,3,2,4,3,4,3,4,4,3,3,3,3,3,3,3,3,3,3,3,3,3,3,3,4,4,2,2,4,3,3,4,3,3,3,3,3,3,3,3,3,3,3,3,3,,
029488,de2b05e83ea65962b7f106eaa7791371,3,2,2,2,2,2,3,4,4,4,2,4,3,2,2,2,2,3,3,4,4,4,2,2,2,5,5,5,5,5,3,3,3,3,4,2,3,3,3,2,3,3,3,3,4,2,4,4,4,4,3,3,3,4,4,3,3,3,5,3,3,3,3,3,3,3,3,3,3,4,3,3,3,4,2,2,2,3,4,3,3,3,4,4,3,3,3,3,4,4,4,4,4,4,4,4,4,4,4,4,4,4,3,2,2,,
029496,95e367ece29efc84806fa862b62a8606,5,1,1,1,1,1,1,5,1,5,1,1,1,1,1,1,5,5,1,3,5,5,5,1,1,5,5,5,5,5,5,5,5,5,5,1,4,3,5,1,4,4,3,1,5,5,3,3,1,1,3,3,3,4,4,1,4,3,5,1,1,1,3,3,1,1,1,1,1,5,5,5,1,5,5,1,1,5,5,5,1,5,5,5,5,4,5,5,4,5,5,5,5,5,5,5,5,5,3,3,3,2,1,3,1,,
029519,77563ca763e0e02aac485a763df1667a,4,4,4,4,3,4,5,3,3,4,4,4,3,4,4,4,3,4,4,5,4,4,4,4,4,5,4,5,5,4,2,2,3,3,4,4,5,2,4,2,5,4,1,4,5,5,4,4,4,4,4,3,4,5,4,2,4,4,4,4,4,4,4,4,4,4,3,4,4,5,4,4,4,5,5,4,4,3,4,4,4,2,5,5,5,4,4,4,3,5,3,4,4,5,4,5,3,4,4,4,5,4,4,5,2,,
029530,5a032c44622a4cfe35f4705576347f85,4,4,5,5,5,5,5,5,5,5,5,5,5,5,5,5,5,5,5,5,5,5,5,4,5,5,5,5,5,5,5,5,5,5,5,5,4,4,5,1,5,5,1,5,5,5,5,5,5,5,5,5,5,5,5,5,5,5,5,5,5,5,5,5,5,5,5,5,5,5,5,5,5,5,5,5,5,5,5,5,5,5,5,5,5,5,5,5,5,5,4,5,5,5,5,5,5,5,5,5,5,5,5,5,5,,
029537,3157831ef438464731b0104300b4dee9,3,4,4,2,2,2,3,3,3,3,3,3,3,3,3,3,2,3,3,3,3,3,3,2,2,4,3,4,4,2,4,4,4,1,4,3,3,3,3,3,3,3,2,4,4,3,3,3,3,3,3,4,3,3,4,4,3,3,3,3,3,3,3,3,3,3,4,2,2,#N/A,#N/A,#N/A,#N/A,#N/A,#N/A,#N/A,#N/A,#N/A,#N/A,#N/A,#N/A,#N/A,#N/A,#N/A,3,4,3,3,3,4,4,3,3,3,3,3,3,3,4,3,4,2,2,3,3,,
029544,b0274ddef0cd817e0c0feb479079ff78,5,4,5,5,2,4,4,5,5,4,3,4,4,5,5,5,5,4,4,5,5,5,5,4,3,5,5,5,5,5,4,5,4,5,5,4,5,4,5,2,5,4,2,4,5,4,4,5,4,4,4,5,4,5,5,4,3,3,3,4,3,4,3,4,1,1,1,1,4,5,4,4,3,5,5,5,5,5,5,4,3,2,3,4,5,5,5,5,5,5,4,4,4,4,5,4,4,4,4,4,4,3,4,3,1,,
029551,823151e9d7419bc2f8fbb5257edd0cc4,3,3,3,4,3,4,3,4,4,4,4,4,4,4,4,4,4,4,3,3,4,4,4,3,4,4,4,4,4,4,4,4,4,3,4,4,5,1,4,1,4,4,2,5,4,4,5,5,5,4,5,4,5,4,5,5,4,4,5,4,4,4,4,4,3,3,4,4,4,4,4,4,4,4,4,4,3,4,4,4,4,4,5,5,4,4,5,4,4,4,4,4,4,4,4,3,3,3,4,3,3,4,4,3,4,,
029552,81ad9caedb6aab639c70cd53ed4a8cf2,4,4,4,3,2,3,3,4,4,4,4,4,3,4,4,3,4,4,4,3,4,4,4,4,4,4,4,5,5,5,5,4,3,5,5,3,3,3,3,3,3,3,3,3,3,3,4,4,4,4,4,3,3,3,4,4,4,3,5,4,4,4,4,4,3,4,4,3,3,4,4,4,3,4,4,3,4,4,4,5,4,4,4,5,3,3,3,3,3,3,4,4,5,4,5,3,3,3,3,3,3,4,3,3,3,,
029557,f7b3b4841d5fadf9c976274b3cf7c1e0,4,4,4,3,3,4,4,4,4,4,4,4,3,4,4,3,4,3,3,5,4,5,4,3,4,4,4,4,4,3,4,4,4,4,4,#N/A,#N/A,#N/A,#N/A,#N/A,#N/A,#N/A,#N/A,4,4,4,4,4,4,4,4,4,3,4,3,3,4,4,4,4,4,4,3,4,4,4,4,4,4,#N/A,#N/A,#N/A,#N/A,#N/A,#N/A,#N/A,#N/A,#N/A,#N/A,#N/A,#N/A,#N/A,#N/A,#N/A,4,4,4,4,4,3,3,3,4,3,4,4,4,3,3,4,4,4,3,3,4,,
029561,1c5dc12ee6c2024632092eb4f5d9b94f,4,3,4,5,3,4,5,4,4,4,3,4,5,5,5,5,5,4,5,5,5,5,5,3,4,4,3,5,4,4,4,4,3,5,5,4,5,4,4,3,3,4,2,5,5,4,4,5,4,4,5,4,4,5,4,5,4,4,4,3,4,4,4,4,3,3,4,4,4,5,3,4,4,5,4,5,5,4,3,3,4,3,4,3,4,5,3,4,4,5,4,5,4,5,5,4,3,4,5,4,4,4,4,3,4,,
029571,67ea04f69dd733430f2c473a091dca7f,5,4,4,5,4,5,5,3,4,2,3,2,2,#N/A,#N/A,#N/A,#N/A,#N/A,#N/A,#N/A,#N/A,#N/A,#N/A,#N/A,#N/A,5,3,5,3,3,3,4,4,5,5,#N/A,#N/A,#N/A,#N/A,#N/A,#N/A,#N/A,#N/A,4,5,3,4,3,4,5,3,5,4,4,5,4,3,5,5,3,4,3,4,5,3,2,3,2,3,3,4,3,4,4,2,3,4,3,4,4,4,4,4,5,#N/A,#N/A,#N/A,#N/A,#N/A,#N/A,#N/A,#N/A,#N/A,#N/A,#N/A,5,4,3,4,4,4,3,5,3,5,,
029572,9e790b6e12e284ddb7a529f597548290,2,3,3,2,2,4,3,#N/A,#N/A,#N/A,#N/A,#N/A,#N/A,5,5,5,5,5,5,5,5,5,5,5,5,5,5,5,5,5,5,5,5,5,5,3,4,3,3,1,2,3,3,#N/A,#N/A,#N/A,#N/A,#N/A,#N/A,#N/A,#N/A,#N/A,#N/A,#N/A,#N/A,#N/A,#N/A,#N/A,#N/A,#N/A,#N/A,#N/A,#N/A,#N/A,#N/A,#N/A,#N/A,#N/A,#N/A,#N/A,#N/A,#N/A,#N/A,#N/A,#N/A,#N/A,#N/A,#N/A,#N/A,#N/A,#N/A,#N/A,#N/A,#N/A,5,5,3,5,5,5,5,5,3,5,5,3,5,1,5,5,5,1,1,3,3,,
029578,8196d4f7529566472bd8eadd6df85ce1,4,4,4,5,3,4,3,5,5,4,4,4,4,4,4,3,4,4,4,3,4,4,3,3,3,5,5,5,5,5,4,4,3,3,5,4,4,1,4,1,3,4,1,4,5,5,4,4,3,3,4,4,4,5,5,4,3,3,4,4,4,4,4,5,4,4,3,4,4,5,4,4,4,4,4,3,4,3,3,3,3,2,4,4,5,5,4,4,3,4,3,5,4,5,5,5,4,3,4,3,4,4,3,4,4,,
029607,878b5169746290a40256cf21637c6f4c,4,4,4,4,3,3,3,3,3,3,3,2,3,3,2,3,3,3,3,2,3,3,2,2,2,4,4,4,4,3,3,4,3,3,3,4,3,2,3,3,4,4,2,4,4,3,3,4,3,3,4,3,3,3,3,3,3,4,3,3,4,3,3,3,3,3,3,3,3,4,4,3,3,3,3,3,3,3,3,2,2,2,2,3,4,4,4,4,3,4,4,4,4,4,4,4,3,2,2,3,3,3,3,3,3,,
029628,e9f56548bbb2c9794aa441d4054c0a2a,5,5,4,5,4,5,5,5,5,5,5,4,5,4,4,4,5,5,5,4,5,5,5,5,5,5,5,5,5,5,5,5,4,5,5,4,5,1,5,1,5,5,1,5,5,1,5,5,5,5,5,5,5,5,5,5,5,5,5,5,5,5,5,4,4,5,4,5,5,3,5,5,1,5,5,5,5,4,5,3,2,2,5,5,5,5,5,5,5,4,4,5,5,5,5,5,4,4,5,5,5,4,4,5,5,,
029638,c0de116b65b0bac3845bd49256617d99,#N/A,#N/A,#N/A,#N/A,#N/A,#N/A,#N/A,4,4,4,4,3,4,2,2,3,5,5,4,4,4,4,3,2,2,#N/A,#N/A,#N/A,#N/A,#N/A,#N/A,#N/A,#N/A,#N/A,#N/A,#N/A,#N/A,#N/A,#N/A,#N/A,#N/A,#N/A,#N/A,3,4,4,5,5,4,4,4,3,4,5,4,3,2,4,3,4,3,3,4,4,3,3,3,3,3,4,3,5,4,5,5,4,4,5,5,3,2,3,3,4,5,4,2,5,5,4,5,5,5,5,5,3,2,2,2,2,3,1,2,4,1,,
029649,0efa1d4cd06fd1e3d3fdbbc78fac36bf,5,4,3,1,1,1,5,4,3,3,1,4,1,2,1,3,5,5,5,3,5,5,3,2,2,5,5,5,5,5,5,5,3,4,5,5,5,2,5,1,4,5,1,5,5,2,5,5,5,4,5,3,5,4,5,5,4,5,5,5,5,5,5,5,3,4,4,5,5,5,5,5,5,5,5,4,5,5,5,5,5,3,5,5,5,3,4,5,4,2,5,5,5,5,5,4,1,4,3,5,5,3,1,1,1,,
029668,175115db14a3918660575a84fc39d378,5,5,5,5,4,5,5,5,4,5,4,4,4,4,4,4,5,5,5,5,5,5,5,5,4,5,5,5,5,5,5,5,3,3,5,4,5,1,5,1,5,4,1,5,5,5,4,4,4,5,5,3,5,4,5,3,3,3,3,5,5,5,5,5,5,5,5,5,5,5,5,5,5,3,3,5,5,4,3,4,4,5,5,3,3,5,3,5,4,5,5,5,5,5,5,5,5,5,5,4,4,3,3,4,3,,
029673,10ada1809ff1cd5edb4bac02243d9d46,4,4,4,4,4,4,4,5,4,4,4,4,5,4,4,5,5,5,5,4,4,4,5,4,5,5,5,5,5,3,5,5,4,5,5,4,5,2,5,2,5,5,1,5,5,4,4,4,4,5,5,5,5,5,4,4,4,4,4,4,5,5,5,5,5,5,5,5,5,5,4,4,4,4,5,4,5,4,4,5,4,5,5,5,4,4,5,4,4,3,3,4,4,5,5,5,4,4,5,5,5,5,5,5,5,,
029682,0903e4eb6834a5c4f0c2ad2178001250,4,4,4,4,4,3,4,4,4,4,4,4,4,#N/A,#N/A,#N/A,#N/A,#N/A,#N/A,#N/A,#N/A,#N/A,#N/A,#N/A,#N/A,3,3,3,3,3,3,3,3,3,3,4,4,2,4,1,3,3,1,4,4,4,4,4,4,4,4,4,4,4,4,4,4,4,4,4,4,4,4,4,4,4,4,4,4,3,4,4,4,3,4,3,4,4,4,3,4,3,4,4,4,4,5,5,4,3,4,5,4,4,4,4,4,4,4,4,4,5,4,5,4,,
029710,bf59ac92d0c2608f5da1e1aee4650f9d,4,3,3,4,2,4,3,3,4,3,4,5,4,3,3,3,3,4,4,4,4,4,4,3,3,#N/A,#N/A,#N/A,#N/A,#N/A,#N/A,#N/A,#N/A,#N/A,#N/A,4,5,4,4,2,5,4,2,3,5,3,4,4,4,3,4,4,4,5,4,3,3,4,4,3,4,4,3,4,4,4,4,3,4,5,4,4,4,5,4,3,3,3,5,3,3,1,4,4,4,5,5,4,4,5,4,5,5,4,5,4,3,3,2,3,3,3,4,4,4,,
